time_s,channel0_voltage,capacitor_voltage,shunt_voltage,capacitor_current,psu_mode,cycles
0.000000,-0.002077,-0.006648,-0.002077,-0.000009235,charge,0
0.010000,-0.002077,-0.006648,-0.000790,-0.000003382,charge,0
0.020000,-0.000790,-0.002527,-0.000790,-0.000003511,charge,0
0.030000,-0.002077,-0.006648,-0.000790,-0.000003382,charge,0
0.040000,-0.002077,-0.006648,-0.000790,-0.000003382,charge,0
0.050000,-0.000790,-0.002527,-0.000790,-0.000003511,charge,0
0.060000,-0.000790,-0.002527,-0.000790,-0.000003511,charge,0
0.070000,-0.000790,-0.002527,-0.000790,-0.000003511,charge,0
0.080000,-0.000790,-0.002527,-0.002077,-0.000009364,charge,0
0.090000,-0.002077,-0.006648,-0.002077,-0.000009235,charge,0
0.100000,-0.002077,-0.006648,-0.000790,-0.000003382,charge,0
0.110000,-0.002077,-0.006648,-0.002077,-0.000009235,charge,0
0.120000,-0.000790,-0.002527,-0.000790,-0.000003511,charge,0
0.130000,-0.000790,-0.002527,-0.000790,-0.000003511,charge,0
0.140000,-0.000790,-0.002527,-0.002077,-0.000009364,charge,0
0.150000,-0.000790,-0.002527,-0.000790,-0.000003511,charge,0
0.160000,-0.002077,-0.006648,-0.000790,-0.000003382,charge,0
0.170000,-0.000790,-0.002527,-0.000790,-0.000003511,charge,0
0.180000,-0.002077,-0.006648,-0.002077,-0.000009235,charge,0
0.190000,-0.002077,-0.006648,-0.000790,-0.000003382,charge,0
0.200000,-0.002077,-0.006648,-0.002077,-0.000009235,charge,0
0.210000,-0.000790,-0.002527,-0.000790,-0.000003511,charge,0
0.220000,-0.000790,-0.002527,-0.002077,-0.000009364,charge,0
0.230000,-0.000790,-0.002527,-0.000790,-0.000003511,charge,0
0.240000,-0.000790,-0.002527,-0.000790,-0.000003511,charge,0
0.250000,-0.002077,-0.006648,-0.000790,-0.000003382,charge,0
0.260000,-0.000790,-0.002527,-0.000790,-0.000003511,charge,0
0.270000,-0.000790,-0.002527,-0.000790,-0.000003511,charge,0
0.280000,-0.000790,-0.002527,-0.002077,-0.000009364,charge,0
0.290000,-0.000790,-0.002527,-0.000790,-0.000003511,charge,0
0.300000,-0.003365,-0.010768,-0.002077,-0.000009106,charge,0
0.310000,-0.000790,-0.002527,-0.000790,-0.000003511,charge,0
0.320000,-0.002077,-0.006648,-0.000790,-0.000003382,charge,0
0.330000,-0.000790,-0.002527,-0.002077,-0.000009364,charge,0
0.340000,-0.000790,-0.002527,-0.002077,-0.000009364,charge,0
0.350000,-0.000790,-0.002527,-0.000790,-0.000003511,charge,0
0.360000,-0.002077,-0.006648,-0.002077,-0.000009235,charge,0
0.370000,-0.000790,-0.002527,-0.000790,-0.000003511,charge,0
0.380000,-0.000790,-0.002527,-0.000790,-0.000003511,charge,0
0.390000,-0.000790,-0.002527,-0.000790,-0.000003511,charge,0
0.400000,-0.000790,-0.002527,-0.000790,-0.000003511,charge,0
0.410000,-0.002077,-0.006648,-0.000790,-0.000003382,charge,0
0.420000,-0.002077,-0.006648,-0.000790,-0.000003382,charge,0
0.430000,-0.002077,-0.006648,-0.000790,-0.000003382,charge,0
0.440000,-0.000790,-0.002527,-0.000790,-0.000003511,charge,0
0.450000,-0.000790,-0.002527,-0.000790,-0.000003511,charge,0
0.460000,-0.002077,-0.006648,-0.000790,-0.000003382,charge,0
0.470000,-0.000790,-0.002527,-0.000790,-0.000003511,charge,0
0.480000,-0.002077,-0.006648,-0.000790,-0.000003382,charge,0
0.490000,-0.000790,-0.002527,-0.000790,-0.000003511,charge,0
0.500000,-0.002077,-0.006648,-0.000790,-0.000003382,charge,0
0.510000,-0.000790,-0.002527,-0.000790,-0.000003511,charge,0
0.520000,-0.002077,-0.006648,-0.000790,-0.000003382,charge,0
0.530000,-0.002077,-0.006648,-0.000790,-0.000003382,charge,0
0.540000,-0.000790,-0.002527,-0.000790,-0.000003511,charge,0
0.550000,-0.002077,-0.006648,-0.000790,-0.000003382,charge,0
0.560000,-0.000790,-0.002527,-0.000790,-0.000003511,charge,0
0.570000,-0.002077,-0.006648,-0.000790,-0.000003382,charge,0
0.580000,-0.000790,-0.002527,-0.000790,-0.000003511,charge,0
0.590000,-0.000790,-0.002527,-0.002077,-0.000009364,charge,0
0.600000,-0.000790,-0.002527,-0.000790,-0.000003511,charge,0
0.610000,-0.000790,-0.002527,-0.000790,-0.000003511,charge,0
0.620000,-0.000790,-0.002527,-0.000790,-0.000003511,charge,0
0.630000,-0.000790,-0.002527,-0.002077,-0.000009364,charge,0
0.640000,-0.000790,-0.002527,-0.000790,-0.000003511,charge,0
0.650000,-0.000790,-0.002527,-0.000790,-0.000003511,charge,0
0.660000,-0.002077,-0.006648,-0.000790,-0.000003382,charge,0
0.670000,-0.000790,-0.002527,-0.000790,-0.000003511,charge,0
0.680000,-0.000790,-0.002527,-0.000790,-0.000003511,charge,0
0.690000,-0.000790,-0.002527,-0.000790,-0.000003511,charge,0
0.700000,-0.002077,-0.006648,-0.000790,-0.000003382,charge,0
0.710000,-0.000790,-0.002527,-0.000790,-0.000003511,charge,0
0.720000,-0.002077,-0.006648,-0.000790,-0.000003382,charge,0
0.730000,-0.000790,-0.002527,-0.002077,-0.000009364,charge,0
0.740000,-0.000790,-0.002527,-0.000790,-0.000003511,charge,0
0.750000,-0.000790,-0.002527,0.806540,0.003666169,charge,0
0.760000,0.032688,0.104601,7.326982,0.033301193,charge,0
0.770000,0.224541,0.718532,10.167443,0.046193195,charge,0
0.780000,0.545156,1.744498,9.071689,0.041180435,charge,0
0.790000,0.930150,2.976480,7.816272,0.035435496,charge,0
0.800000,1.333171,4.266147,6.540254,0.029595109,charge,0
0.810000,1.729754,5.535213,5.301576,0.023925097,charge,0
0.820000,2.108310,6.746593,4.128566,0.018555377,charge,0
0.830000,2.462402,7.879688,3.035387,0.013550976,charge,0
0.840000,2.794605,8.942736,2.018178,0.008894076,charge,0
0.850000,3.098480,9.915137,1.083375,0.004614585,charge,0
0.860000,3.380466,10.817492,0.279908,0.000934265,charge,0
0.870000,3.637988,11.641560,0.156298,0.000346648,charge,0
0.880000,3.876195,12.403824,0.121533,0.000164802,charge,0
0.890000,4.093800,13.100161,0.102219,0.000055250,charge,0
0.900000,4.295955,13.747055,0.088055,-0.000029345,charge,0
0.910000,4.480083,14.336264,0.079042,-0.000088727,charge,0
0.920000,4.652622,14.888390,0.070029,-0.000146951,charge,0
0.930000,4.812285,15.399313,0.063591,-0.000192181,charge,0
0.940000,4.959072,15.869032,0.058440,-0.000230271,charge,0
0.950000,5.095559,16.305788,0.054577,-0.000261477,charge,0
0.960000,5.221744,16.709581,0.050714,-0.000291654,charge,0
0.970000,5.338916,17.084533,0.045564,-0.000326783,charge,0
0.980000,5.449651,17.438882,0.042989,-0.000349561,charge,0
0.990000,5.551372,17.764389,0.040414,-0.000371439,charge,0
1.000000,5.647942,18.073415,0.037838,-0.000392802,discharge,0
1.010000,5.736787,18.357718,0.035263,-0.000413392,discharge,0
1.020000,5.820481,18.625541,0.033976,-0.000427614,discharge,0
1.030000,5.899025,18.876882,0.031400,-0.000447174,discharge,0
1.040000,5.971131,19.107621,0.030113,-0.000460237,discharge,0
1.050000,6.040662,19.330119,0.028825,-0.000473043,discharge,0
1.060000,6.106330,19.540257,0.027538,-0.000485463,discharge,0
1.070000,6.166848,19.733913,0.026250,-0.000497367,discharge,0
1.080000,6.223502,19.915208,0.024962,-0.000508885,discharge,0
1.090000,6.278870,20.092383,0.023675,-0.000520275,discharge,0
1.100000,6.330374,20.257196,0.022387,-0.000531278,discharge,0
1.110000,6.379303,20.413769,0.022387,-0.000536171,discharge,0
1.120000,6.425657,20.562102,0.021099,-0.000546659,discharge,0
1.130000,6.470723,20.706314,0.019812,-0.000557018,discharge,0
1.140000,6.511926,20.838165,0.018524,-0.000566991,discharge,0
1.150000,6.551842,20.965895,0.018524,-0.000570983,discharge,0
1.160000,6.590470,21.089505,0.018524,-0.000574846,discharge,0
1.170000,6.625236,21.200755,0.017237,-0.000584175,discharge,0
1.180000,6.661289,21.316124,0.017237,-0.000587780,discharge,0
1.190000,6.693479,21.419133,0.015949,-0.000596852,discharge,0
1.200000,6.724382,21.518021,0.015949,-0.000599942,discharge,0
1.210000,6.755284,21.616909,0.014661,-0.000608886,discharge,0
1.220000,6.782324,21.703436,0.014661,-0.000611589,discharge,0
1.230000,6.810651,21.794084,0.013374,-0.000620275,discharge,0
1.240000,6.837691,21.880611,0.013374,-0.000622979,discharge,0
1.250000,6.860868,21.954777,0.012086,-0.000631149,discharge,0
1.260000,6.885332,22.033064,0.013374,-0.000627743,discharge,0
1.270000,6.909797,22.111350,0.013374,-0.000630190,discharge,0
1.280000,6.930399,22.177276,0.012086,-0.000638102,discharge,0
1.290000,6.952288,22.247322,0.012086,-0.000640291,discharge,0
1.300000,6.972890,22.313247,0.012086,-0.000642352,discharge,0
1.310000,6.990916,22.370932,0.010799,-0.000650007,discharge,0
1.320000,7.010230,22.432737,0.010799,-0.000651938,discharge,0
1.330000,7.026969,22.486302,0.010799,-0.000653612,discharge,0
1.340000,7.044996,22.543986,0.010799,-0.000655415,discharge,0
1.350000,7.061735,22.597551,0.010799,-0.000657089,discharge,0
1.360000,7.077186,22.646995,0.009511,-0.000664487,discharge,0
1.370000,7.092637,22.696439,0.009511,-0.000666032,discharge,0
1.380000,7.108088,22.745883,0.009511,-0.000667577,discharge,0
1.390000,7.120965,22.787087,0.009511,-0.000668865,discharge,0
1.400000,7.133841,22.828290,0.008223,-0.000676005,discharge,0
1.410000,7.148004,22.873614,0.008223,-0.000677421,discharge,0
1.420000,7.159593,22.910697,0.008223,-0.000678580,discharge,0
1.430000,7.172469,22.951900,0.008223,-0.000679868,discharge,0
1.440000,7.182770,22.984863,0.008223,-0.000680898,discharge,0
1.450000,7.194358,23.021946,0.008223,-0.000682057,discharge,0
1.460000,7.205947,23.059029,0.008223,-0.000683216,discharge,0
1.470000,7.214960,23.087871,0.008223,-0.000684117,discharge,0
1.480000,7.223973,23.116714,0.006936,-0.000690871,discharge,0
1.490000,7.235562,23.153797,0.006936,-0.000692030,discharge,0
1.500000,7.243287,23.178519,0.006936,-0.000692802,discharge,0
1.510000,7.253588,23.211482,0.006936,-0.000693832,discharge,0
1.520000,7.261314,23.236204,0.006936,-0.000694605,discharge,0
1.530000,7.270327,23.265046,0.005648,-0.000701359,discharge,0
1.540000,7.278053,23.289768,0.006936,-0.000696279,discharge,0
1.550000,7.285778,23.314490,0.006936,-0.000697051,discharge,0
1.560000,7.293504,23.339212,0.006936,-0.000697824,discharge,0
1.570000,7.299942,23.359814,0.006936,-0.000698468,discharge,0
1.580000,7.306380,23.380416,0.006936,-0.000699112,discharge,0
1.590000,7.314106,23.405138,0.006936,-0.000699884,discharge,0
1.600000,7.320544,23.425740,0.005648,-0.000706381,discharge,0
1.610000,7.326982,23.446341,0.006936,-0.000701172,discharge,0
1.620000,7.333420,23.466943,0.005648,-0.000707668,discharge,0
1.630000,7.338570,23.483424,0.005648,-0.000708183,discharge,0
1.640000,7.345008,23.504026,0.005648,-0.000708827,discharge,0
1.650000,7.348871,23.516387,0.005648,-0.000709213,discharge,0
1.660000,7.354021,23.532868,0.005648,-0.000709729,discharge,0
1.670000,7.360459,23.553470,0.004361,-0.000716225,discharge,0
1.680000,7.364322,23.565831,0.005648,-0.000710759,discharge,0
1.690000,7.369473,23.582313,0.005648,-0.000711274,discharge,0
1.700000,7.374623,23.598794,0.005648,-0.000711789,discharge,0
1.710000,7.379774,23.615275,0.005648,-0.000712304,discharge,0
1.720000,7.383636,23.627636,0.005648,-0.000712690,discharge,0
1.730000,7.387499,23.639997,0.005648,-0.000713076,discharge,0
1.740000,7.391362,23.652358,0.004361,-0.000719315,discharge,0
1.750000,7.395225,23.664719,0.005648,-0.000713849,discharge,0
1.760000,7.399088,23.677080,0.004361,-0.000720088,discharge,0
1.770000,7.402950,23.689441,0.004361,-0.000720474,discharge,0
1.780000,7.406813,23.701803,0.004361,-0.000720860,discharge,0
1.790000,7.409389,23.710043,0.003073,-0.000726971,discharge,0
1.800000,7.402950,23.689441,-0.003365,-0.000755591,discharge,0
1.810000,7.365610,23.569952,-0.007228,-0.000769415,discharge,0
1.820000,7.307668,23.384536,-0.012378,-0.000787032,discharge,0
1.830000,7.239424,23.166158,-0.014954,-0.000791913,discharge,0
1.840000,7.164743,22.927178,-0.016241,-0.000790298,discharge,0
1.850000,7.084912,22.671717,-0.017529,-0.000788167,discharge,0
1.860000,7.002505,22.408015,-0.018816,-0.000785779,discharge,0
1.870000,6.918810,22.140193,-0.020104,-0.000783263,discharge,0
1.880000,6.836403,21.876491,-0.021392,-0.000780875,discharge,0
1.890000,6.752709,21.608669,-0.022679,-0.000778358,discharge,0
1.900000,6.671590,21.349087,-0.022679,-0.000770246,discharge,0
1.910000,6.590470,21.089505,-0.022679,-0.000762134,discharge,0
1.920000,6.511926,20.838165,-0.022679,-0.000754280,discharge,0
1.930000,6.433382,20.586824,-0.023967,-0.000752278,discharge,0
1.940000,6.356126,20.339603,-0.023967,-0.000744552,discharge,0
1.950000,6.280157,20.096503,-0.025254,-0.000742808,discharge,0
1.960000,6.205476,19.857523,-0.026542,-0.000741193,discharge,0
1.970000,6.132082,19.622664,-0.026542,-0.000733854,discharge,0
1.980000,6.061264,19.396045,-0.026542,-0.000726772,discharge,0
1.990000,5.990446,19.169426,-0.027830,-0.000725543,discharge,0
2.000000,5.919627,18.942807,-0.027830,-0.000718461,discharge,0
2.010000,5.851384,18.724429,-0.029117,-0.000717489,discharge,0
2.020000,5.784428,18.510171,-0.029117,-0.000710794,discharge,0
2.030000,5.718760,18.300034,-0.030405,-0.000710080,discharge,0
2.040000,5.653093,18.089896,-0.030405,-0.000703513,discharge,0
2.050000,5.590000,17.887999,-0.030405,-0.000697204,discharge,0
2.060000,5.525619,17.681982,-0.032980,-0.000702471,discharge,0
2.070000,5.463814,17.484206,-0.032980,-0.000696291,discharge,0
2.080000,5.403297,17.290550,-0.032980,-0.000690239,discharge,0
2.090000,5.342779,17.096894,-0.034268,-0.000690040,discharge,0
2.100000,5.283549,16.907358,-0.035555,-0.000689970,discharge,0
2.110000,5.224319,16.717822,-0.036843,-0.000689899,discharge,0
2.120000,5.167665,16.536527,-0.036843,-0.000684234,discharge,0
2.130000,5.111010,16.355232,-0.039418,-0.000690274,discharge,0
2.140000,5.055643,16.178057,-0.040706,-0.000690590,discharge,0
2.150000,5.000276,16.000883,-0.041993,-0.000690906,discharge,0
2.160000,4.944909,15.823708,-0.043281,-0.000691222,discharge,0
2.170000,4.892117,15.654774,-0.045856,-0.000697648,discharge,0
2.180000,4.839325,15.485840,-0.047144,-0.000698222,discharge,0
2.190000,4.787821,15.321026,-0.049719,-0.000704777,discharge,0
2.200000,4.736316,15.156212,-0.052294,-0.000711332,discharge,0
2.210000,4.686100,14.995519,-0.054869,-0.000718016,discharge,0
2.220000,4.635883,14.834826,-0.057445,-0.000724700,discharge,0
2.230000,4.586954,14.678253,-0.061307,-0.000737365,discharge,0
2.240000,4.539312,14.525800,-0.063883,-0.000744307,discharge,0
2.250000,4.491671,14.373347,-0.069033,-0.000762954,discharge,0
2.260000,4.445317,14.225015,-0.074183,-0.000781729,discharge,0
2.270000,4.397676,14.072562,-0.081909,-0.000812082,discharge,0
2.280000,4.352609,13.928350,-0.089635,-0.000842692,discharge,0
2.290000,4.307543,13.784138,-0.101223,-0.000890860,discharge,0
2.300000,4.263765,13.644047,-0.115387,-0.000950862,discharge,0
2.310000,4.219986,13.503955,-0.138564,-0.001051834,discharge,0
2.320000,4.177495,13.367984,-0.173329,-0.001205609,discharge,0
2.330000,4.133716,13.227892,-0.238997,-0.001499722,discharge,0
2.340000,4.093800,13.100161,-0.335568,-0.001934688,discharge,0
2.350000,4.052597,12.968310,-0.436001,-0.002387082,discharge,0
2.360000,4.010106,12.832339,-0.541585,-0.002862760,discharge,0
2.370000,3.970190,12.704609,-0.648456,-0.003344547,discharge,0
2.380000,3.930274,12.576878,-0.750177,-0.003802923,discharge,0
2.390000,3.890359,12.449147,-0.850610,-0.004255447,discharge,0
2.400000,3.853018,12.329657,-0.948469,-0.004696523,discharge,0
2.410000,3.814390,12.206047,-1.045039,-0.005131617,discharge,0
2.420000,3.775762,12.082437,-1.140322,-0.005560858,discharge,0
2.430000,3.738421,11.962947,-1.231742,-0.005972670,discharge,0
2.440000,3.702368,11.847577,-1.323162,-0.006384611,discharge,0
2.450000,3.665027,11.728087,-1.409432,-0.006773011,discharge,0
2.460000,3.628974,11.612718,-1.489264,-0.007132277,discharge,0
2.470000,3.592921,11.497348,-1.569095,-0.007491543,discharge,0
2.480000,3.558156,11.386099,-1.636051,-0.007792410,discharge,0
2.490000,3.522103,11.270729,-1.690130,-0.008034620,discharge,0
2.500000,3.489913,11.167721,-1.713307,-0.008136751,discharge,0
2.510000,3.455147,11.056472,-1.709444,-0.008115716,discharge,0
2.520000,3.421670,10.949343,-1.695281,-0.008047988,discharge,0
2.530000,3.388192,10.842214,-1.679829,-0.007974407,discharge,0
2.540000,3.356002,10.739205,-1.663090,-0.007895102,discharge,0
2.550000,3.323811,10.636197,-1.648927,-0.007827503,discharge,0
2.560000,3.291621,10.533188,-1.632188,-0.007748198,discharge,0
2.570000,3.258144,10.426059,-1.616737,-0.007674617,discharge,0
2.580000,3.225953,10.323051,-1.601285,-0.007601165,discharge,0
2.590000,3.196338,10.228283,-1.585834,-0.007527971,discharge,0
2.600000,3.166723,10.133515,-1.570383,-0.007454776,discharge,0
2.610000,3.134533,10.030506,-1.556219,-0.007387177,discharge,0
2.620000,3.103631,9.931618,-1.540768,-0.007313853,discharge,0
2.630000,3.074016,9.836850,-1.526604,-0.007246511,discharge,0
2.640000,3.045688,9.746203,-1.512440,-0.007179298,discharge,0
2.650000,3.014786,9.647314,-1.496989,-0.007105975,discharge,0
2.660000,2.986458,9.556667,-1.482826,-0.007038762,discharge,0
2.670000,2.956843,9.461899,-1.468662,-0.006971420,discharge,0
2.680000,2.928516,9.371252,-1.454498,-0.006904207,discharge,0
2.690000,2.901476,9.284724,-1.441622,-0.006842975,discharge,0
2.700000,2.873149,9.194077,-1.427458,-0.006775762,discharge,0
2.710000,2.846109,9.107550,-1.414582,-0.006714531,discharge,0
2.720000,2.817782,9.016902,-1.401706,-0.006653170,discharge,0
2.730000,2.790742,8.930375,-1.387543,-0.006586086,discharge,0
2.740000,2.763702,8.843848,-1.374667,-0.006524854,discharge,0
2.750000,2.737950,8.761441,-1.361790,-0.006463752,discharge,0
2.760000,2.712198,8.679034,-1.348914,-0.006402649,discharge,0
2.770000,2.686446,8.596627,-1.336038,-0.006341546,discharge,0
2.780000,2.660694,8.514220,-1.323162,-0.006280443,discharge,0
2.790000,2.633654,8.427693,-1.310286,-0.006219212,discharge,0
2.800000,2.609190,8.349407,-1.298698,-0.006164090,discharge,0
2.810000,2.584725,8.271120,-1.285822,-0.006103116,discharge,0
2.820000,2.558973,8.188713,-1.274233,-0.006047866,discharge,0
2.830000,2.535796,8.114547,-1.262645,-0.005992874,discharge,0
2.840000,2.512619,8.040381,-1.251056,-0.005937881,discharge,0
2.850000,2.488155,7.962094,-1.238180,-0.005876907,discharge,0
2.860000,2.463690,7.883808,-1.226592,-0.005821786,discharge,0
2.870000,2.440513,7.809642,-1.216291,-0.005772646,discharge,0
2.880000,2.418624,7.739596,-1.204702,-0.005717782,discharge,0
2.890000,2.395447,7.665430,-1.193114,-0.005662790,discharge,0
2.900000,2.370982,7.587143,-1.181525,-0.005607669,discharge,0
2.910000,2.350381,7.521218,-1.171225,-0.005558786,discharge,0
2.920000,2.327204,7.447052,-1.159636,-0.005503794,discharge,0
2.930000,2.305314,7.377006,-1.149335,-0.005454783,discharge,0
2.940000,2.283425,7.306960,-1.139034,-0.005405772,discharge,0
2.950000,2.261536,7.236914,-1.127446,-0.005350908,discharge,0
2.960000,2.240934,7.170989,-1.117145,-0.005302026,discharge,0
2.970000,2.219045,7.100943,-1.106844,-0.005253015,discharge,0
2.980000,2.198443,7.035017,-1.096543,-0.005204133,discharge,0
2.990000,2.177841,6.969092,-1.086243,-0.005155250,discharge,0
3.000000,2.157240,6.903166,-1.075942,-0.005106368,discharge,0
3.010000,2.137925,6.841361,-1.065641,-0.005057615,discharge,0
3.020000,2.117324,6.775436,-1.056628,-0.005014585,discharge,0
3.030000,2.098010,6.713631,-1.047614,-0.004971684,discharge,0
3.040000,2.077408,6.647705,-1.037313,-0.004922802,discharge,0
3.050000,2.058094,6.585900,-1.027013,-0.004874049,discharge,0
3.060000,2.038780,6.524095,-1.017999,-0.004831148,discharge,0
3.070000,2.019466,6.462290,-1.007699,-0.004782394,discharge,0
3.080000,2.000151,6.400485,-0.998685,-0.004739494,discharge,0
3.090000,1.982125,6.342800,-0.989672,-0.004696722,discharge,0
3.100000,1.962811,6.280995,-0.980659,-0.004653821,discharge,0
3.110000,1.944784,6.223310,-0.971646,-0.004611049,discharge,0
3.120000,1.926758,6.165625,-0.962632,-0.004568277,discharge,0
3.130000,1.908731,6.107940,-0.953619,-0.004525505,discharge,0
3.140000,1.890705,6.050256,-0.945893,-0.004488586,discharge,0
3.150000,1.873966,5.996691,-0.936880,-0.004445943,discharge,0
3.160000,1.855939,5.939006,-0.926579,-0.004397318,discharge,0
3.170000,1.839201,5.885442,-0.918854,-0.004360528,discharge,0
3.180000,1.821174,5.827757,-0.909840,-0.004317756,discharge,0
3.190000,1.804435,5.774193,-0.902115,-0.004280965,discharge,0
3.200000,1.787696,5.720628,-0.894389,-0.004244175,discharge,0
3.210000,1.772245,5.671184,-0.885376,-0.004201660,discharge,0
3.220000,1.754219,5.613499,-0.876363,-0.004158888,discharge,0
3.230000,1.738767,5.564055,-0.869925,-0.004128079,discharge,0
3.240000,1.723316,5.514611,-0.860911,-0.004085565,discharge,0
3.250000,1.706577,5.461047,-0.853186,-0.004048774,discharge,0
3.260000,1.691126,5.411602,-0.844172,-0.004006260,discharge,0
3.270000,1.675674,5.362158,-0.837734,-0.003975451,discharge,0
3.280000,1.658936,5.308594,-0.830009,-0.003938661,discharge,0
3.290000,1.643484,5.259150,-0.822283,-0.003901999,discharge,0
3.300000,1.628033,5.209706,-0.814557,-0.003865337,discharge,0
3.310000,1.613869,5.164382,-0.808119,-0.003834657,discharge,0
3.320000,1.598418,5.114938,-0.799106,-0.003792143,discharge,0
3.330000,1.584254,5.069614,-0.792668,-0.003761463,discharge,0
3.340000,1.570091,5.024290,-0.784943,-0.003724930,discharge,0
3.350000,1.555927,4.978967,-0.778504,-0.003694249,discharge,0
3.360000,1.541763,4.933643,-0.772066,-0.003663569,discharge,0
3.370000,1.527600,4.888319,-0.764341,-0.003627036,discharge,0
3.380000,1.512148,4.838875,-0.756615,-0.003590375,discharge,0
3.390000,1.499272,4.797671,-0.751465,-0.003565676,discharge,0
3.400000,1.485109,4.752348,-0.743739,-0.003529143,discharge,0
3.410000,1.470945,4.707024,-0.737301,-0.003498463,discharge,0
3.420000,1.458069,4.665820,-0.730863,-0.003467912,discharge,0
3.430000,1.443905,4.620497,-0.723137,-0.003431379,discharge,0
3.440000,1.431029,4.579293,-0.716699,-0.003400827,discharge,0
3.450000,1.416865,4.533970,-0.710261,-0.003370147,discharge,0
3.460000,1.405277,4.496886,-0.705111,-0.003345577,discharge,0
3.470000,1.392401,4.455683,-0.697385,-0.003309173,discharge,0
3.480000,1.379525,4.414480,-0.690947,-0.003278622,discharge,0
3.490000,1.365361,4.369156,-0.685797,-0.003253794,discharge,0
3.500000,1.353773,4.332073,-0.679359,-0.003223372,discharge,0
3.510000,1.342184,4.294990,-0.672921,-0.003192949,discharge,0
3.520000,1.329308,4.253786,-0.666483,-0.003162397,discharge,0
3.530000,1.317720,4.216703,-0.660045,-0.003131975,discharge,0
3.540000,1.306131,4.179620,-0.654894,-0.003107405,discharge,0
3.550000,1.293255,4.138417,-0.649744,-0.003082706,discharge,0
3.560000,1.281667,4.101334,-0.643306,-0.003052284,discharge,0
3.570000,1.270078,4.064250,-0.638155,-0.003027714,discharge,0
3.580000,1.258490,4.027167,-0.631717,-0.002997291,discharge,0
3.590000,1.246901,3.990084,-0.625279,-0.002966869,discharge,0
3.600000,1.235313,3.953001,-0.620129,-0.002942299,discharge,0
3.610000,1.225012,3.920038,-0.613691,-0.002912005,discharge,0
3.620000,1.213424,3.882955,-0.609828,-0.002893288,discharge,0
3.630000,1.203123,3.849993,-0.604678,-0.002868847,discharge,0
3.640000,1.191534,3.812910,-0.598239,-0.002838424,discharge,0
3.650000,1.181233,3.779947,-0.593089,-0.002813983,discharge,0
3.660000,1.170933,3.746984,-0.587939,-0.002789542,discharge,0
3.670000,1.160632,3.714021,-0.582788,-0.002765100,discharge,0
3.680000,1.150331,3.681059,-0.576350,-0.002734807,discharge,0
3.690000,1.138742,3.643976,-0.572487,-0.002716089,discharge,0
3.700000,1.128442,3.611013,-0.567337,-0.002691648,discharge,0
3.710000,1.118141,3.578050,-0.563474,-0.002673060,discharge,0
3.720000,1.107840,3.545087,-0.557036,-0.002642766,discharge,0
3.730000,1.097539,3.512125,-0.553173,-0.002624178,discharge,0
3.740000,1.088526,3.483282,-0.548023,-0.002599865,discharge,0
3.750000,1.079512,3.454440,-0.542872,-0.002575553,discharge,0
3.760000,1.070499,3.425597,-0.537722,-0.002551241,discharge,0
3.770000,1.060198,3.392635,-0.533859,-0.002532652,discharge,0
3.780000,1.049897,3.359672,-0.528709,-0.002508211,discharge,0
3.790000,1.040884,3.330830,-0.523558,-0.002483899,discharge,0
3.800000,1.031871,3.301987,-0.519695,-0.002465439,discharge,0
3.810000,1.022858,3.273145,-0.514545,-0.002441127,discharge,0
3.820000,1.013844,3.244302,-0.510682,-0.002422667,discharge,0
3.830000,1.004831,3.215460,-0.505532,-0.002398355,discharge,0
3.840000,0.995818,3.186618,-0.501669,-0.002379895,discharge,0
3.850000,0.986805,3.157775,-0.497806,-0.002361436,discharge,0
3.860000,0.977791,3.128933,-0.493943,-0.002342976,discharge,0
3.870000,0.968778,3.100090,-0.488793,-0.002318664,discharge,0
3.880000,0.961053,3.075368,-0.484930,-0.002300333,discharge,0
3.890000,0.953327,3.050646,-0.479780,-0.002276149,discharge,0
3.900000,0.944314,3.021804,-0.475917,-0.002257690,discharge,0
3.910000,0.935300,2.992961,-0.472054,-0.002239230,discharge,0
3.920000,0.927575,2.968239,-0.469479,-0.002226752,discharge,0
3.930000,0.918562,2.939397,-0.464328,-0.002202440,discharge,0
3.940000,0.910836,2.914675,-0.460466,-0.002184109,discharge,0
3.950000,0.903110,2.889953,-0.455315,-0.002159925,discharge,0
3.960000,0.895385,2.865231,-0.452740,-0.002147447,discharge,0
3.970000,0.887659,2.840509,-0.447589,-0.002123264,discharge,0
3.980000,0.879933,2.815787,-0.445014,-0.002110785,discharge,0
3.990000,0.870920,2.786944,-0.439864,-0.002086473,discharge,0
4.000000,0.863194,2.762222,-0.437289,-0.002073995,discharge,0
4.010000,0.856756,2.741621,-0.433426,-0.002055793,discharge,0
4.020000,0.849031,2.716899,-0.429563,-0.002037462,discharge,0
4.030000,0.841305,2.692176,-0.425700,-0.002019131,discharge,0
4.040000,0.834867,2.671575,-0.421837,-0.002000929,discharge,0
4.050000,0.827141,2.646853,-0.417975,-0.001982598,discharge,0
4.060000,0.819416,2.622131,-0.415399,-0.001970120,discharge,0
4.070000,0.812978,2.601529,-0.411536,-0.001951918,discharge,0
4.080000,0.805252,2.576807,-0.407674,-0.001933587,discharge,0
4.090000,0.798814,2.556205,-0.403811,-0.001915385,discharge,0
4.100000,0.791088,2.531483,-0.401236,-0.001902907,discharge,0
4.110000,0.785938,2.515002,-0.397373,-0.001884834,discharge,0
4.120000,0.778212,2.490280,-0.393510,-0.001866503,discharge,0
4.130000,0.771774,2.469678,-0.390935,-0.001854154,discharge,0
4.140000,0.765336,2.449076,-0.388360,-0.001841804,discharge,0
4.150000,0.758898,2.428475,-0.384497,-0.001823602,discharge,0
4.160000,0.752460,2.407873,-0.381922,-0.001811253,discharge,0
4.170000,0.746022,2.387271,-0.378059,-0.001793051,discharge,0
4.180000,0.739584,2.366669,-0.375483,-0.001780702,discharge,0
4.190000,0.731859,2.341947,-0.371621,-0.001762371,discharge,0
4.200000,0.726708,2.325466,-0.369045,-0.001750150,discharge,0
4.210000,0.720270,2.304864,-0.365183,-0.001731948,discharge,0
4.220000,0.713832,2.284263,-0.362607,-0.001719599,discharge,0
4.230000,0.707394,2.263661,-0.360032,-0.001707249,discharge,0
4.240000,0.702244,2.247179,-0.356169,-0.001689176,discharge,0
4.250000,0.695806,2.226578,-0.353594,-0.001676827,discharge,0
4.260000,0.690655,2.210096,-0.351019,-0.001664606,discharge,0
4.270000,0.684217,2.189495,-0.347156,-0.001646404,discharge,0
4.280000,0.677779,2.168893,-0.345869,-0.001639908,discharge,0
4.290000,0.670053,2.144171,-0.342006,-0.001621577,discharge,0
4.300000,0.667478,2.135930,-0.339430,-0.001609614,discharge,0
4.310000,0.662328,2.119449,-0.336855,-0.001597393,discharge,0
4.320000,0.654602,2.094727,-0.334280,-0.001584915,discharge,0
4.330000,0.650739,2.082366,-0.331705,-0.001572823,discharge,0
4.340000,0.645589,2.065884,-0.327842,-0.001554750,discharge,0
4.350000,0.639151,2.045283,-0.325267,-0.001542401,discharge,0
4.360000,0.632713,2.024681,-0.322692,-0.001530051,discharge,0
4.370000,0.627562,2.008200,-0.320116,-0.001517831,discharge,0
4.380000,0.622412,1.991718,-0.317541,-0.001505610,discharge,0
4.390000,0.618549,1.979357,-0.314966,-0.001493518,discharge,0
4.400000,0.612111,1.958755,-0.312391,-0.001481169,discharge,0
4.410000,0.608248,1.946394,-0.309816,-0.001469077,discharge,0
4.420000,0.601810,1.925793,-0.308528,-0.001462581,discharge,0
4.430000,0.597947,1.913432,-0.304665,-0.001444636,discharge,0
4.440000,0.591509,1.892830,-0.302090,-0.001432287,discharge,0
4.450000,0.587647,1.880469,-0.299515,-0.001420195,discharge,0
4.460000,0.582496,1.863988,-0.298227,-0.001413827,discharge,0
4.470000,0.577346,1.847506,-0.294364,-0.001395754,discharge,0
4.480000,0.573483,1.835145,-0.291789,-0.001383662,discharge,0
4.490000,0.568332,1.818664,-0.290501,-0.001377294,discharge,0
4.500000,0.563182,1.802182,-0.287926,-0.001365074,discharge,0
4.510000,0.559319,1.789821,-0.285351,-0.001352982,discharge,0
4.520000,0.554169,1.773340,-0.282776,-0.001340761,discharge,0
4.530000,0.550306,1.760979,-0.281488,-0.001334522,discharge,0
4.540000,0.545156,1.744498,-0.278913,-0.001322302,discharge,0
4.550000,0.541293,1.732137,-0.276338,-0.001310210,discharge,0
4.560000,0.536142,1.715655,-0.273763,-0.001297989,discharge,0
4.570000,0.533567,1.707415,-0.271187,-0.001286026,discharge,0
4.580000,0.528417,1.690933,-0.269900,-0.001279659,discharge,0
4.590000,0.523266,1.674452,-0.267324,-0.001267438,discharge,0
4.600000,0.519403,1.662091,-0.266037,-0.001261199,discharge,0
4.610000,0.514253,1.645609,-0.263462,-0.001248978,discharge,0
4.620000,0.510390,1.633248,-0.260886,-0.001236887,discharge,0
4.630000,0.505240,1.616767,-0.259599,-0.001230519,discharge,0
4.640000,0.502664,1.608526,-0.257024,-0.001218556,discharge,0
4.650000,0.497514,1.592045,-0.255736,-0.001212188,discharge,0
4.660000,0.492364,1.575564,-0.253161,-0.001199967,discharge,0
4.670000,0.489788,1.567323,-0.251873,-0.001193857,discharge,0
4.680000,0.485926,1.554962,-0.249298,-0.001181765,discharge,0
4.690000,0.482063,1.542601,-0.246723,-0.001169673,discharge,0
4.700000,0.478200,1.530240,-0.245435,-0.001163434,discharge,0
4.710000,0.473050,1.513759,-0.242860,-0.001151214,discharge,0
4.720000,0.470474,1.505518,-0.241572,-0.001145104,discharge,0
4.730000,0.466612,1.493157,-0.238997,-0.001133012,discharge,0
4.740000,0.462749,1.480796,-0.236422,-0.001120920,discharge,0
4.750000,0.458886,1.468435,-0.235134,-0.001114681,discharge,0
4.760000,0.455023,1.456074,-0.233847,-0.001108442,discharge,0
4.770000,0.452448,1.447833,-0.232559,-0.001102332,discharge,0
4.780000,0.447297,1.431352,-0.229984,-0.001090111,discharge,0
4.790000,0.444722,1.423111,-0.228696,-0.001084001,discharge,0
4.800000,0.440859,1.410750,-0.226121,-0.001071909,discharge,0
4.810000,0.436997,1.398389,-0.224833,-0.001065670,discharge,0
4.820000,0.434421,1.390148,-0.223546,-0.001059560,discharge,0
4.830000,0.430559,1.377787,-0.220971,-0.001047468,discharge,0
4.840000,0.426696,1.365426,-0.219683,-0.001041229,discharge,0
4.850000,0.424120,1.357186,-0.218395,-0.001035119,discharge,0
4.860000,0.420258,1.344824,-0.215820,-0.001023027,discharge,0
4.870000,0.417682,1.336584,-0.214533,-0.001016916,discharge,0
4.880000,0.413820,1.324223,-0.213245,-0.001010677,discharge,0
4.890000,0.409957,1.311862,-0.210670,-0.000998586,discharge,0
4.900000,0.407382,1.303621,-0.210670,-0.000998328,discharge,0
4.910000,0.404806,1.295380,-0.208095,-0.000986365,discharge,0
4.920000,0.399656,1.278899,-0.206807,-0.000979997,discharge,0
4.930000,0.398368,1.274779,-0.204232,-0.000968163,discharge,0
4.940000,0.394506,1.262418,-0.202944,-0.000961924,discharge,0
4.950000,0.390643,1.250057,-0.201657,-0.000955685,discharge,0
4.960000,0.389355,1.245936,-0.200369,-0.000949703,discharge,0
4.970000,0.384205,1.229455,-0.199081,-0.000943336,discharge,0
4.980000,0.382917,1.225335,-0.197794,-0.000937354,discharge,0
4.990000,0.379054,1.212974,-0.195219,-0.000925262,discharge,0
5.000000,0.376479,1.204733,-0.193931,-0.000919152,discharge,0
5.010000,0.372616,1.192372,-0.192643,-0.000912913,discharge,0
5.020000,0.371329,1.188251,-0.191356,-0.000906931,discharge,0
5.030000,0.367466,1.175890,-0.190068,-0.000900692,discharge,0
5.040000,0.364891,1.167650,-0.188780,-0.000894582,discharge,0
5.050000,0.361028,1.155289,-0.186205,-0.000882490,discharge,0
5.060000,0.359740,1.151168,-0.186205,-0.000882362,discharge,0
5.070000,0.355877,1.138807,-0.183630,-0.000870270,discharge,0
5.080000,0.353302,1.130567,-0.182342,-0.000864159,discharge,0
5.090000,0.352014,1.126446,-0.181055,-0.000858178,discharge,0
5.100000,0.348152,1.114085,-0.179767,-0.000851939,discharge,0
5.110000,0.345576,1.105845,-0.178480,-0.000845829,discharge,0
5.120000,0.343001,1.097604,-0.177192,-0.000839718,discharge,0
5.130000,0.340426,1.089363,-0.175904,-0.000833608,discharge,0
5.140000,0.336563,1.077002,-0.174617,-0.000827369,discharge,0
5.150000,0.335276,1.072882,-0.173329,-0.000821387,discharge,0
5.160000,0.331413,1.060521,-0.172042,-0.000815148,discharge,0
5.170000,0.328838,1.052280,-0.170754,-0.000809038,discharge,0
5.180000,0.326262,1.044039,-0.169466,-0.000802928,discharge,0
5.190000,0.324975,1.039919,-0.168179,-0.000796946,discharge,0
5.200000,0.321112,1.027558,-0.166891,-0.000790707,discharge,0
5.210000,0.319824,1.023438,-0.165604,-0.000784726,discharge,0
5.220000,0.317249,1.015197,-0.164316,-0.000778616,discharge,0
5.230000,0.314674,1.006956,-0.163028,-0.000772505,discharge,0
5.240000,0.312099,0.998716,-0.161741,-0.000766395,discharge,0
5.250000,0.310811,0.994595,-0.160453,-0.000760413,discharge,0
5.260000,0.308236,0.986355,-0.160453,-0.000760156,discharge,0
5.270000,0.305661,0.978114,-0.157878,-0.000748193,discharge,0
5.280000,0.303085,0.969873,-0.156590,-0.000742083,discharge,0
5.290000,0.301798,0.965753,-0.156590,-0.000741954,discharge,0
5.300000,0.299223,0.957512,-0.155303,-0.000735844,discharge,0
5.310000,0.296647,0.949272,-0.154015,-0.000729733,discharge,0
5.320000,0.294072,0.941031,-0.152727,-0.000723623,discharge,0
5.330000,0.291497,0.932790,-0.151440,-0.000717513,discharge,0
5.340000,0.290209,0.928670,-0.150152,-0.000711531,discharge,0
5.350000,0.286347,0.916309,-0.148865,-0.000705292,discharge,0
5.360000,0.285059,0.912189,-0.148865,-0.000705163,discharge,0
5.370000,0.283771,0.908068,-0.147577,-0.000699182,discharge,0
5.380000,0.281196,0.899827,-0.146289,-0.000693072,discharge,0
5.390000,0.279908,0.895707,-0.145002,-0.000687090,discharge,0
5.400000,0.277333,0.887466,-0.143714,-0.000680980,discharge,0
5.410000,0.274758,0.879226,-0.142427,-0.000674870,discharge,0
5.420000,0.272183,0.870985,-0.142427,-0.000674612,discharge,0
5.430000,0.270895,0.866865,-0.141139,-0.000668630,discharge,0
5.440000,0.268320,0.858624,-0.139851,-0.000662520,discharge,0
5.450000,0.265745,0.850383,-0.138564,-0.000656410,discharge,0
5.460000,0.264457,0.846263,-0.138564,-0.000656281,discharge,0
5.470000,0.263170,0.842143,-0.137276,-0.000650300,discharge,0
5.480000,0.261882,0.838022,-0.135989,-0.000644318,discharge,0
5.490000,0.258019,0.825661,-0.134701,-0.000638079,discharge,0
5.500000,0.258019,0.825661,-0.134701,-0.000638079,discharge,0
5.510000,0.255444,0.817421,-0.133413,-0.000631969,discharge,0
5.520000,0.252869,0.809180,-0.132126,-0.000625859,discharge,0
5.530000,0.251581,0.805060,-0.130838,-0.000619877,discharge,0
5.540000,0.250294,0.800939,-0.129551,-0.000613895,discharge,0
5.550000,0.247718,0.792699,-0.129551,-0.000613638,discharge,0
5.560000,0.246431,0.788578,-0.128263,-0.000607656,discharge,0
5.570000,0.243855,0.780338,-0.128263,-0.000607399,discharge,0
5.580000,0.242568,0.776217,-0.126975,-0.000601417,discharge,0
5.590000,0.241280,0.772097,-0.125688,-0.000595436,discharge,0
5.600000,0.238705,0.763856,-0.125688,-0.000595178,discharge,0
5.610000,0.236130,0.755616,-0.124400,-0.000589068,discharge,0
5.620000,0.234842,0.751495,-0.123113,-0.000583087,discharge,0
5.630000,0.233555,0.747375,-0.121825,-0.000577105,discharge,0
5.640000,0.232267,0.743254,-0.121825,-0.000576976,discharge,0
5.650000,0.229692,0.735014,-0.120537,-0.000570866,discharge,0
5.660000,0.229692,0.735014,-0.120537,-0.000570866,discharge,0
5.670000,0.227117,0.726773,-0.119250,-0.000564756,discharge,0
5.680000,0.225829,0.722653,-0.117962,-0.000558774,discharge,0
5.690000,0.224541,0.718532,-0.117962,-0.000558645,discharge,0
5.700000,0.221966,0.710292,-0.116674,-0.000552535,discharge,0
5.710000,0.220679,0.706171,-0.115387,-0.000546554,discharge,0
5.720000,0.218103,0.697931,-0.114099,-0.000540443,discharge,0
5.730000,0.216816,0.693810,-0.114099,-0.000540315,discharge,0
5.740000,0.216816,0.693810,-0.112812,-0.000534462,discharge,0
5.750000,0.214241,0.685570,-0.112812,-0.000534204,discharge,0
5.760000,0.212953,0.681449,-0.111524,-0.000528223,discharge,0
5.770000,0.210378,0.673209,-0.111524,-0.000527965,discharge,0
5.780000,0.210378,0.673209,-0.110236,-0.000522112,discharge,0
5.790000,0.206515,0.660848,-0.110236,-0.000521726,discharge,0
5.800000,0.206515,0.660848,-0.108949,-0.000515873,discharge,0
5.810000,0.205227,0.656727,-0.108949,-0.000515745,discharge,0
5.820000,0.202652,0.648487,-0.107661,-0.000509634,discharge,0
5.830000,0.202652,0.648487,-0.106374,-0.000503782,discharge,0
5.840000,0.200077,0.640246,-0.106374,-0.000503524,discharge,0
5.850000,0.200077,0.640246,-0.105086,-0.000497671,discharge,0
5.860000,0.197502,0.632005,-0.105086,-0.000497414,discharge,0
5.870000,0.196214,0.627885,-0.103798,-0.000491432,discharge,0
5.880000,0.196214,0.627885,-0.103798,-0.000491432,discharge,0
5.890000,0.193639,0.619644,-0.102511,-0.000485322,discharge,0
5.900000,0.192351,0.615524,-0.101223,-0.000479341,discharge,0
5.910000,0.189776,0.607283,-0.101223,-0.000479083,discharge,0
5.920000,0.189776,0.607283,-0.099936,-0.000473230,discharge,0
5.930000,0.188488,0.603163,-0.099936,-0.000473101,discharge,0
5.940000,0.187201,0.599042,-0.098648,-0.000467120,discharge,0
5.950000,0.185913,0.594922,-0.098648,-0.000466991,discharge,0
5.960000,0.185913,0.594922,-0.097360,-0.000461138,discharge,0
5.970000,0.183338,0.586681,-0.097360,-0.000460881,discharge,0
5.980000,0.183338,0.586681,-0.096073,-0.000455028,discharge,0
5.990000,0.180763,0.578441,-0.096073,-0.000454771,discharge,0
6.000000,0.179475,0.574320,-0.096073,-0.000454642,discharge,0
6.010000,0.178188,0.570200,-0.094785,-0.000448660,discharge,0
6.020000,0.176900,0.566080,-0.094785,-0.000448532,discharge,0
6.030000,0.175612,0.561959,-0.093498,-0.000442550,discharge,0
6.040000,0.174325,0.557839,-0.092210,-0.000436569,discharge,0
6.050000,0.173037,0.553719,-0.092210,-0.000436440,discharge,0
6.060000,0.173037,0.553719,-0.090922,-0.000430587,discharge,0
6.070000,0.170462,0.545478,-0.089635,-0.000424477,discharge,0
6.080000,0.170462,0.545478,-0.089635,-0.000424477,discharge,0
6.090000,0.167887,0.537237,-0.089635,-0.000424219,discharge,0
6.100000,0.166599,0.533117,-0.089635,-0.000424090,discharge,0
6.110000,0.166599,0.533117,-0.088347,-0.000418238,discharge,0
6.120000,0.165311,0.528997,-0.088347,-0.000418109,discharge,0
6.130000,0.164024,0.524876,-0.087060,-0.000412127,discharge,0
6.140000,0.162736,0.520756,-0.085772,-0.000406146,discharge,0
6.150000,0.161449,0.516636,-0.085772,-0.000406017,discharge,0
6.160000,0.160161,0.512515,-0.085772,-0.000405888,discharge,0
6.170000,0.158873,0.508395,-0.084484,-0.000399907,discharge,0
6.180000,0.158873,0.508395,-0.084484,-0.000399907,discharge,0
6.190000,0.157586,0.504275,-0.084484,-0.000399778,discharge,0
6.200000,0.156298,0.500154,-0.083197,-0.000393797,discharge,0
6.210000,0.155011,0.496034,-0.083197,-0.000393668,discharge,0
6.220000,0.153723,0.491914,-0.081909,-0.000387686,discharge,0
6.230000,0.153723,0.491914,-0.081909,-0.000387686,discharge,0
6.240000,0.153723,0.491914,-0.081909,-0.000387686,discharge,0
6.250000,0.151148,0.483673,-0.080621,-0.000381576,discharge,0
6.260000,0.151148,0.483673,-0.079334,-0.000375723,discharge,0
6.270000,0.149860,0.479553,-0.080621,-0.000381447,discharge,0
6.280000,0.148573,0.475432,-0.079334,-0.000375466,discharge,0
6.290000,0.147285,0.471312,-0.078046,-0.000369484,discharge,0
6.300000,0.145997,0.467192,-0.078046,-0.000369355,discharge,0
6.310000,0.144710,0.463071,-0.078046,-0.000369227,discharge,0
6.320000,0.145997,0.467192,-0.076759,-0.000363503,discharge,0
6.330000,0.143422,0.458951,-0.076759,-0.000363245,discharge,0
6.340000,0.143422,0.458951,-0.075471,-0.000357392,discharge,0
6.350000,0.142135,0.454831,-0.075471,-0.000357264,discharge,0
6.360000,0.140847,0.450710,-0.075471,-0.000357135,discharge,0
6.370000,0.139559,0.446590,-0.075471,-0.000357006,discharge,0
6.380000,0.139559,0.446590,-0.074183,-0.000351153,discharge,0
6.390000,0.138272,0.442469,-0.074183,-0.000351025,discharge,0
6.400000,0.136984,0.438349,-0.072896,-0.000345043,discharge,0
6.410000,0.135696,0.434229,-0.072896,-0.000344914,discharge,0
6.420000,0.135696,0.434229,-0.072896,-0.000344914,discharge,0
6.430000,0.135696,0.434229,-0.071608,-0.000339062,discharge,0
6.440000,0.134409,0.430108,-0.071608,-0.000338933,discharge,0
6.450000,0.131834,0.421868,-0.071608,-0.000338675,discharge,0
6.460000,0.131834,0.421868,-0.070321,-0.000332823,discharge,0
6.470000,0.130546,0.417747,-0.070321,-0.000332694,discharge,0
6.480000,0.129258,0.413627,-0.070321,-0.000332565,discharge,0
6.490000,0.129258,0.413627,-0.069033,-0.000326712,discharge,0
6.500000,0.129258,0.413627,-0.069033,-0.000326712,discharge,0
6.510000,0.127971,0.409507,-0.067745,-0.000320731,discharge,0
6.520000,0.126683,0.405386,-0.067745,-0.000320602,discharge,0
6.530000,0.126683,0.405386,-0.067745,-0.000320602,discharge,0
6.540000,0.124108,0.397146,-0.067745,-0.000320344,discharge,0
6.550000,0.124108,0.397146,-0.067745,-0.000320344,discharge,0
6.560000,0.124108,0.397146,-0.066458,-0.000314492,discharge,0
6.570000,0.124108,0.397146,-0.066458,-0.000314492,discharge,0
6.580000,0.122820,0.393025,-0.065170,-0.000308510,discharge,0
6.590000,0.120245,0.384785,-0.065170,-0.000308253,discharge,0
6.600000,0.120245,0.384785,-0.065170,-0.000308253,discharge,0
6.610000,0.120245,0.384785,-0.065170,-0.000308253,discharge,0
6.620000,0.117670,0.376544,-0.063883,-0.000302142,discharge,0
6.630000,0.117670,0.376544,-0.063883,-0.000302142,discharge,0
6.640000,0.118958,0.380664,-0.063883,-0.000302271,discharge,0
6.650000,0.116382,0.372424,-0.062595,-0.000296161,discharge,0
6.660000,0.116382,0.372424,-0.062595,-0.000296161,discharge,0
6.670000,0.115095,0.368303,-0.062595,-0.000296032,discharge,0
6.680000,0.113807,0.364183,-0.061307,-0.000290051,discharge,0
6.690000,0.113807,0.364183,-0.061307,-0.000290051,discharge,0
6.700000,0.113807,0.364183,-0.061307,-0.000290051,discharge,0
6.710000,0.112520,0.360063,-0.060020,-0.000284069,discharge,0
6.720000,0.111232,0.355942,-0.060020,-0.000283940,discharge,0
6.730000,0.111232,0.355942,-0.060020,-0.000283940,discharge,0
6.740000,0.109944,0.351822,-0.060020,-0.000283812,discharge,0
6.750000,0.109944,0.351822,-0.058732,-0.000277959,discharge,0
6.760000,0.108657,0.347702,-0.058732,-0.000277830,discharge,0
6.770000,0.108657,0.347702,-0.058732,-0.000277830,discharge,0
6.780000,0.107369,0.343581,-0.058732,-0.000277701,discharge,0
6.790000,0.106082,0.339461,-0.057445,-0.000271720,discharge,0
6.800000,0.106082,0.339461,-0.057445,-0.000271720,discharge,0
6.810000,0.106082,0.339461,-0.057445,-0.000271720,discharge,0
6.820000,0.104794,0.335341,-0.057445,-0.000271591,discharge,0
6.830000,0.104794,0.335341,-0.057445,-0.000271591,discharge,0
6.840000,0.104794,0.335341,-0.056157,-0.000265738,discharge,0
6.850000,0.103506,0.331220,-0.056157,-0.000265609,discharge,0
6.860000,0.103506,0.331220,-0.056157,-0.000265609,discharge,0
6.870000,0.102219,0.327100,-0.056157,-0.000265481,discharge,0
6.880000,0.100931,0.322980,-0.054869,-0.000259499,discharge,0
6.890000,0.099644,0.318859,-0.054869,-0.000259370,discharge,0
6.900000,0.099644,0.318859,-0.054869,-0.000259370,discharge,0
6.910000,0.099644,0.318859,-0.053582,-0.000253518,discharge,0
6.920000,0.099644,0.318859,-0.053582,-0.000253518,discharge,0
6.930000,0.098356,0.314739,-0.053582,-0.000253389,discharge,0
6.940000,0.098356,0.314739,-0.053582,-0.000253389,discharge,0
6.950000,0.097068,0.310619,-0.053582,-0.000253260,discharge,0
6.960000,0.097068,0.310619,-0.052294,-0.000247407,discharge,0
6.970000,0.095781,0.306498,-0.052294,-0.000247279,discharge,0
6.980000,0.095781,0.306498,-0.052294,-0.000247279,discharge,0
6.990000,0.094493,0.302378,-0.051007,-0.000241297,discharge,0
7.000000,0.094493,0.302378,-0.051007,-0.000241297,charge,1
7.010000,0.093205,0.298257,-0.051007,-0.000241168,charge,1
7.020000,0.091918,0.294137,-0.051007,-0.000241040,charge,1
7.030000,0.091918,0.294137,-0.049719,-0.000235187,charge,1
7.040000,0.091918,0.294137,-0.049719,-0.000235187,charge,1
7.050000,0.091918,0.294137,-0.049719,-0.000235187,charge,1
7.060000,0.090630,0.290017,-0.049719,-0.000235058,charge,1
7.070000,0.090630,0.290017,-0.049719,-0.000235058,charge,1
7.080000,0.090630,0.290017,-0.049719,-0.000235058,charge,1
7.090000,0.089343,0.285896,-0.049719,-0.000234929,charge,1
7.100000,0.089343,0.285896,-0.048431,-0.000229077,charge,1
7.110000,0.089343,0.285896,-0.049719,-0.000234929,charge,1
7.120000,0.088055,0.281776,-0.048431,-0.000228948,charge,1
7.130000,0.088055,0.281776,-0.047144,-0.000223095,charge,1
7.140000,0.086767,0.277656,-0.048431,-0.000228819,charge,1
7.150000,0.086767,0.277656,-0.047144,-0.000222966,charge,1
7.160000,0.085480,0.273535,-0.047144,-0.000222838,charge,1
7.170000,0.085480,0.273535,-0.047144,-0.000222838,charge,1
7.180000,0.084192,0.269415,-0.047144,-0.000222709,charge,1
7.190000,0.085480,0.273535,-0.045856,-0.000216985,charge,1
7.200000,0.082905,0.265295,-0.045856,-0.000216727,charge,1
7.210000,0.084192,0.269415,-0.045856,-0.000216856,charge,1
7.220000,0.082905,0.265295,-0.045856,-0.000216727,charge,1
7.230000,0.082905,0.265295,-0.045856,-0.000216727,charge,1
7.240000,0.081617,0.261174,-0.045856,-0.000216598,charge,1
7.250000,0.081617,0.261174,-0.044568,-0.000210746,charge,1
7.260000,0.080329,0.257054,-0.044568,-0.000210617,charge,1
7.270000,0.080329,0.257054,-0.044568,-0.000210617,charge,1
7.280000,0.080329,0.257054,-0.044568,-0.000210617,charge,1
7.290000,0.080329,0.257054,-0.043281,-0.000204764,charge,1
7.300000,0.079042,0.252934,-0.044568,-0.000210488,charge,1
7.310000,0.077754,0.248813,-0.043281,-0.000204507,charge,1
7.320000,0.077754,0.248813,-0.043281,-0.000204507,charge,1
7.330000,0.077754,0.248813,-0.043281,-0.000204507,charge,1
7.340000,0.076467,0.244693,-0.043281,-0.000204378,charge,1
7.350000,0.076467,0.244693,-0.043281,-0.000204378,charge,1
7.360000,0.076467,0.244693,-0.041993,-0.000198525,charge,1
7.370000,0.076467,0.244693,-0.041993,-0.000198525,charge,1
7.380000,0.075179,0.240573,-0.041993,-0.000198396,charge,1
7.390000,0.076467,0.244693,-0.041993,-0.000198525,charge,1
7.400000,0.075179,0.240573,-0.040706,-0.000192544,charge,1
7.410000,0.075179,0.240573,-0.041993,-0.000198396,charge,1
7.420000,0.073891,0.236452,-0.040706,-0.000192415,charge,1
7.430000,0.073891,0.236452,-0.040706,-0.000192415,charge,1
7.440000,0.073891,0.236452,-0.040706,-0.000192415,charge,1
7.450000,0.071316,0.228212,-0.039418,-0.000186305,charge,1
7.460000,0.072604,0.232332,-0.040706,-0.000192286,charge,1
7.470000,0.071316,0.228212,-0.040706,-0.000192157,charge,1
7.480000,0.071316,0.228212,-0.039418,-0.000186305,charge,1
7.490000,0.071316,0.228212,-0.039418,-0.000186305,charge,1
7.500000,0.071316,0.228212,-0.038130,-0.000180452,charge,1
7.510000,0.070029,0.224091,-0.039418,-0.000186176,charge,1
7.520000,0.070029,0.224091,-0.039418,-0.000186176,charge,1
7.530000,0.070029,0.224091,-0.039418,-0.000186176,charge,1
7.540000,0.068741,0.219971,-0.038130,-0.000180194,charge,1
7.550000,0.068741,0.219971,-0.038130,-0.000180194,charge,1
7.560000,0.068741,0.219971,-0.038130,-0.000180194,charge,1
7.570000,0.067453,0.215851,-0.038130,-0.000180066,charge,1
7.580000,0.067453,0.215851,-0.038130,-0.000180066,charge,1
7.590000,0.067453,0.215851,-0.038130,-0.000180066,charge,1
7.600000,0.066166,0.211730,-0.036843,-0.000174084,charge,1
7.610000,0.066166,0.211730,-0.036843,-0.000174084,charge,1
7.620000,0.066166,0.211730,-0.036843,-0.000174084,charge,1
7.630000,0.066166,0.211730,-0.036843,-0.000174084,charge,1
7.640000,0.066166,0.211730,-0.036843,-0.000174084,charge,1
7.650000,0.064878,0.207610,-0.036843,-0.000173955,charge,1
7.660000,0.064878,0.207610,-0.036843,-0.000173955,charge,1
7.670000,0.064878,0.207610,-0.036843,-0.000173955,charge,1
7.680000,0.064878,0.207610,-0.036843,-0.000173955,charge,1
7.690000,0.063591,0.203490,-0.036843,-0.000173827,charge,1
7.700000,0.063591,0.203490,-0.035555,-0.000167974,charge,1
7.710000,0.062303,0.199369,-0.035555,-0.000167845,charge,1
7.720000,0.062303,0.199369,-0.035555,-0.000167845,charge,1
7.730000,0.063591,0.203490,-0.035555,-0.000167974,charge,1
7.740000,0.062303,0.199369,-0.035555,-0.000167845,charge,1
7.750000,0.062303,0.199369,-0.034268,-0.000161992,charge,1
7.760000,0.061015,0.195249,-0.034268,-0.000161863,charge,1
7.770000,0.061015,0.195249,-0.034268,-0.000161863,charge,1
7.780000,0.061015,0.195249,-0.034268,-0.000161863,charge,1
7.790000,0.061015,0.195249,-0.034268,-0.000161863,charge,1
7.800000,0.059728,0.191129,-0.034268,-0.000161735,charge,1
7.810000,0.059728,0.191129,-0.034268,-0.000161735,charge,1
7.820000,0.059728,0.191129,1.895855,0.008611551,charge,1
7.830000,0.116382,0.372424,8.573385,0.038958295,charge,1
7.840000,0.335276,1.072882,9.809488,0.044555054,charge,1
7.850000,0.667478,2.135930,8.684119,0.039406522,charge,1
7.860000,1.052473,3.367913,7.435141,0.033690847,charge,1
7.870000,1.451631,4.645219,6.174573,0.027921080,charge,1
7.880000,1.843063,5.897803,4.953922,0.022333521,charge,1
7.890000,2.215182,7.088582,3.796363,0.017034678,charge,1
7.900000,2.566699,8.213435,2.714773,0.012083209,charge,1
7.910000,2.893751,9.260002,1.702714,0.007450235,charge,1
7.920000,3.197626,10.232403,0.767912,0.003170744,charge,1
7.930000,3.479612,11.134758,0.200077,0.000561479,charge,1
7.940000,3.739709,11.967067,0.138272,0.000254537,charge,1
7.950000,3.981779,12.741692,0.111232,0.000107422,charge,1
7.960000,4.204535,13.454511,0.094493,0.000009061,charge,1
7.970000,4.410552,14.113766,0.081617,-0.000070069,charge,1
7.980000,4.602405,14.727697,0.072604,-0.000130223,charge,1
7.990000,4.781383,15.300424,0.064878,-0.000183238,charge,1
8.000000,4.944909,15.823708,0.058440,-0.000228854,charge,1
8.010000,5.098134,16.314029,0.053290,-0.000267588,charge,1
8.020000,5.242346,16.775507,0.048139,-0.000305420,charge,1
8.030000,5.374969,17.199902,0.045564,-0.000330388,charge,1
8.040000,5.499867,17.599575,0.041701,-0.000360436,charge,1
8.050000,5.615752,17.970406,0.039126,-0.000383730,charge,1
8.060000,5.723911,18.316515,0.035263,-0.000412104,charge,1
8.070000,5.824344,18.637902,0.033976,-0.000428000,charge,1
8.080000,5.919627,18.942807,0.031400,-0.000449234,charge,1
8.090000,6.008472,19.227111,0.028825,-0.000469824,charge,1
8.100000,6.090879,19.490813,0.027538,-0.000483917,charge,1
8.110000,6.168135,19.738033,0.026250,-0.000497496,charge,1
8.120000,6.241529,19.972893,0.023675,-0.000516541,charge,1
8.130000,6.309772,20.191271,0.022387,-0.000529218,charge,1
8.140000,6.374152,20.397288,0.021099,-0.000541509,charge,1
8.150000,6.434670,20.590944,0.019812,-0.000553413,charge,1
8.160000,6.491325,20.772239,0.019812,-0.000559079,charge,1
8.170000,6.544117,20.941173,0.018524,-0.000570210,charge,1
8.180000,6.594333,21.101866,0.017237,-0.000581085,charge,1
8.190000,6.641975,21.254319,0.017237,-0.000585849,charge,1
8.200000,6.684466,21.390290,0.015949,-0.000595951,charge,1
8.210000,6.728244,21.530382,0.014661,-0.000606182,charge,1
8.220000,6.766873,21.653992,0.014661,-0.000610044,charge,1
8.230000,6.804213,21.773482,0.014661,-0.000613778,charge,1
8.240000,6.837691,21.880611,0.013374,-0.000622979,charge,1
8.250000,6.872456,21.991860,0.013374,-0.000626455,charge,1
8.260000,6.902071,22.086628,0.012086,-0.000635270,charge,1
8.270000,6.932974,22.185517,0.012086,-0.000638360,charge,1
8.280000,6.960014,22.272044,0.010799,-0.000646917,charge,1
8.290000,6.987053,22.358571,0.010799,-0.000649621,charge,1
8.300000,7.011518,22.436857,0.010799,-0.000652067,charge,1
8.310000,7.034695,22.511024,0.010799,-0.000654385,charge,1
8.320000,7.056584,22.581069,0.009511,-0.000662427,charge,1
8.330000,7.078474,22.651115,0.009511,-0.000664615,charge,1
8.340000,7.097788,22.712920,0.009511,-0.000666547,charge,1
8.350000,7.117102,22.774725,0.009511,-0.000668478,charge,1
8.360000,7.135128,22.832410,0.009511,-0.000670281,charge,1
8.370000,7.153155,22.890095,0.008223,-0.000677936,charge,1
8.380000,7.168606,22.939539,0.008223,-0.000679481,charge,1
8.390000,7.184057,22.988983,0.008223,-0.000681027,charge,1
8.400000,7.199509,23.038427,0.008223,-0.000682572,charge,1
8.410000,7.212385,23.079631,0.006936,-0.000689712,charge,1
8.420000,7.226548,23.124955,0.006936,-0.000691128,charge,1
8.430000,7.239424,23.166158,0.008223,-0.000686563,charge,1
8.440000,7.251013,23.203241,0.006936,-0.000693575,charge,1
8.450000,7.262601,23.240324,0.006936,-0.000694734,charge,1
8.460000,7.274190,23.277407,0.006936,-0.000695893,charge,1
8.470000,7.283203,23.306250,0.006936,-0.000696794,charge,1
8.480000,7.293504,23.339212,0.005648,-0.000703677,charge,1
8.490000,7.303805,23.372175,0.006936,-0.000698854,charge,1
8.500000,7.311530,23.396897,0.005648,-0.000705479,charge,1
8.510000,7.320544,23.425740,0.005648,-0.000706381,charge,1
8.520000,7.329557,23.454582,0.005648,-0.000707282,charge,1
8.530000,7.337283,23.479304,0.005648,-0.000708055,charge,1
8.540000,7.343721,23.499906,0.005648,-0.000708698,charge,1
8.550000,7.351446,23.524628,0.005648,-0.000709471,charge,1
8.560000,7.357884,23.545230,0.005648,-0.000710115,charge,1
8.570000,7.364322,23.565831,0.005648,-0.000710759,charge,1
8.580000,7.372048,23.590553,0.005648,-0.000711531,charge,1
8.590000,7.377198,23.607035,0.005648,-0.000712046,charge,1
8.600000,7.382349,23.623516,0.005648,-0.000712561,charge,1
8.610000,7.387499,23.639997,0.005648,-0.000713076,charge,1
8.620000,7.393937,23.660599,0.004361,-0.000719573,charge,1
8.630000,7.397800,23.672960,0.005648,-0.000714106,charge,1
8.640000,7.402950,23.689441,0.004361,-0.000720474,charge,1
8.650000,7.406813,23.701803,0.004361,-0.000720860,charge,1
8.660000,7.411964,23.718284,0.004361,-0.000721376,charge,1
8.670000,7.415827,23.730645,0.005648,-0.000715909,charge,1
8.680000,7.419689,23.743006,0.004361,-0.000722148,charge,1
8.690000,7.424840,23.759487,0.004361,-0.000722663,charge,1
8.700000,7.428703,23.771848,0.004361,-0.000723049,charge,1
8.710000,7.431278,23.780089,0.004361,-0.000723307,charge,1
8.720000,7.435141,23.792450,0.004361,-0.000723693,charge,1
8.730000,7.437716,23.800691,0.004361,-0.000723951,charge,1
8.740000,7.441579,23.813052,0.004361,-0.000724337,charge,1
8.750000,7.445441,23.825413,0.004361,-0.000724723,charge,1
8.760000,7.448017,23.833653,0.004361,-0.000724981,charge,1
8.770000,7.450592,23.841894,0.004361,-0.000725238,charge,1
8.780000,7.453167,23.850135,0.004361,-0.000725496,charge,1
8.790000,7.455742,23.858376,0.004361,-0.000725753,charge,1
8.800000,7.458318,23.866616,0.004361,-0.000726011,charge,1
8.810000,7.462180,23.878977,0.003073,-0.000732250,charge,1
8.820000,7.463468,23.883098,0.004361,-0.000726526,charge,1
8.830000,7.466043,23.891338,0.004361,-0.000726783,charge,1
8.840000,7.467331,23.895459,0.004361,-0.000726912,charge,1
8.850000,7.469906,23.903699,0.004361,-0.000727170,charge,1
8.860000,7.472481,23.911940,0.003073,-0.000733280,charge,1
8.870000,7.473769,23.916060,0.004361,-0.000727556,charge,1
8.880000,7.476344,23.924301,0.004361,-0.000727814,charge,1
8.890000,7.478919,23.932542,0.003073,-0.000733924,charge,1
8.900000,7.480207,23.936662,0.003073,-0.000734053,charge,1
8.910000,7.482782,23.944903,0.003073,-0.000734310,charge,1
8.920000,7.482782,23.944903,0.003073,-0.000734310,charge,1
8.930000,7.485357,23.953143,0.003073,-0.000734568,charge,1
8.940000,7.487933,23.961384,0.004361,-0.000728972,charge,1
8.950000,7.487933,23.961384,0.003073,-0.000734825,charge,1
8.960000,7.490508,23.969625,0.004361,-0.000729230,charge,1
8.970000,7.491795,23.973745,0.004361,-0.000729359,charge,1
8.980000,7.493083,23.977865,0.003073,-0.000735340,charge,1
8.990000,7.494371,23.981986,0.003073,-0.000735469,charge,1
9.000000,7.495658,23.986106,0.003073,-0.000735598,charge,1
9.010000,7.496946,23.990226,0.003073,-0.000735726,charge,1
9.020000,7.498233,23.994347,0.004361,-0.000730002,charge,1
9.030000,7.499521,23.998467,0.003073,-0.000735984,charge,1
9.040000,7.500809,24.002588,0.004361,-0.000730260,charge,1
9.050000,7.502096,24.006708,0.003073,-0.000736242,charge,1
9.060000,7.503384,24.010828,0.004361,-0.000730518,charge,1
9.070000,7.504671,24.014949,0.003073,-0.000736499,charge,1
9.080000,7.504671,24.014949,0.003073,-0.000736499,charge,1
9.090000,7.505959,24.019069,0.003073,-0.000736628,charge,1
9.100000,7.507247,24.023189,0.003073,-0.000736757,charge,1
9.110000,7.509822,24.031430,0.003073,-0.000737014,charge,1
9.120000,7.509822,24.031430,0.004361,-0.000731161,charge,1
9.130000,7.511109,24.035550,0.003073,-0.000737143,charge,1
9.140000,7.511109,24.035550,0.003073,-0.000737143,charge,1
9.150000,7.513685,24.043791,0.003073,-0.000737400,charge,1
9.160000,7.513685,24.043791,0.003073,-0.000737400,charge,1
9.170000,7.513685,24.043791,0.003073,-0.000737400,charge,1
9.180000,7.513685,24.043791,0.003073,-0.000737400,charge,1
9.190000,7.516260,24.052032,0.003073,-0.000737658,charge,1
9.200000,7.517547,24.056152,0.003073,-0.000737787,charge,1
9.210000,7.517547,24.056152,0.003073,-0.000737787,charge,1
9.220000,7.518835,24.060272,0.003073,-0.000737915,charge,1
9.230000,7.518835,24.060272,0.003073,-0.000737915,charge,1
9.240000,7.520123,24.064393,0.003073,-0.000738044,charge,1
9.250000,7.520123,24.064393,0.003073,-0.000738044,charge,1
9.260000,7.522698,24.072633,0.003073,-0.000738302,charge,1
9.270000,7.522698,24.072633,0.003073,-0.000738302,charge,1
9.280000,7.522698,24.072633,0.003073,-0.000738302,charge,1
9.290000,7.523986,24.076754,0.003073,-0.000738430,charge,1
9.300000,7.523986,24.076754,0.003073,-0.000738430,charge,1
9.310000,7.525273,24.080874,0.003073,-0.000738559,charge,1
9.320000,7.525273,24.080874,0.003073,-0.000738559,charge,1
9.330000,7.526561,24.084994,0.003073,-0.000738688,charge,1
9.340000,7.527848,24.089115,0.003073,-0.000738817,charge,1
9.350000,7.527848,24.089115,0.003073,-0.000738817,charge,1
9.360000,7.529136,24.093235,0.003073,-0.000738946,charge,1
9.370000,7.529136,24.093235,0.003073,-0.000738946,charge,1
9.380000,7.529136,24.093235,0.003073,-0.000738946,charge,1
9.390000,7.530424,24.097355,0.003073,-0.000739074,charge,1
9.400000,7.530424,24.097355,0.003073,-0.000739074,charge,1
9.410000,7.531711,24.101476,0.003073,-0.000739203,charge,1
9.420000,7.530424,24.097355,0.003073,-0.000739074,charge,1
9.430000,7.532999,24.105596,0.003073,-0.000739332,charge,1
9.440000,7.531711,24.101476,0.003073,-0.000739203,charge,1
9.450000,7.532999,24.105596,0.001785,-0.000745185,charge,1
9.460000,7.534286,24.109716,0.001785,-0.000745313,charge,1
9.470000,7.534286,24.109716,0.003073,-0.000739461,charge,1
9.480000,7.535574,24.113837,0.003073,-0.000739589,charge,1
9.490000,7.535574,24.113837,0.003073,-0.000739589,charge,1
9.500000,7.535574,24.113837,0.003073,-0.000739589,charge,1
9.510000,7.535574,24.113837,0.003073,-0.000739589,charge,1
9.520000,7.536862,24.117957,0.003073,-0.000739718,charge,1
9.530000,7.538149,24.122077,0.003073,-0.000739847,charge,1
9.540000,7.538149,24.122077,0.003073,-0.000739847,charge,1
9.550000,7.539437,24.126198,0.003073,-0.000739976,charge,1
9.560000,7.538149,24.122077,0.003073,-0.000739847,charge,1
9.570000,7.538149,24.122077,0.003073,-0.000739847,charge,1
9.580000,7.539437,24.126198,0.003073,-0.000739976,charge,1
9.590000,7.539437,24.126198,0.003073,-0.000739976,charge,1
9.600000,7.540724,24.130318,0.003073,-0.000740104,charge,1
9.610000,7.540724,24.130318,0.003073,-0.000740104,charge,1
9.620000,7.540724,24.130318,0.003073,-0.000740104,charge,1
9.630000,7.542012,24.134438,0.001785,-0.000746086,charge,1
9.640000,7.542012,24.134438,0.003073,-0.000740233,charge,1
9.650000,7.542012,24.134438,0.003073,-0.000740233,charge,1
9.660000,7.543300,24.138559,0.003073,-0.000740362,charge,1
9.670000,7.543300,24.138559,0.001785,-0.000746215,charge,1
9.680000,7.543300,24.138559,0.003073,-0.000740362,charge,1
9.690000,7.543300,24.138559,0.003073,-0.000740362,charge,1
9.700000,7.544587,24.142679,0.003073,-0.000740491,charge,1
9.710000,7.544587,24.142679,0.003073,-0.000740491,charge,1
9.720000,7.544587,24.142679,0.001785,-0.000746343,charge,1
9.730000,7.544587,24.142679,0.003073,-0.000740491,charge,1
9.740000,7.544587,24.142679,0.003073,-0.000740491,charge,1
9.750000,7.545875,24.146800,0.003073,-0.000740619,charge,1
9.760000,7.547162,24.150920,0.003073,-0.000740748,charge,1
9.770000,7.545875,24.146800,0.003073,-0.000740619,charge,1
9.780000,7.547162,24.150920,0.001785,-0.000746601,charge,1
9.790000,7.545875,24.146800,0.003073,-0.000740619,charge,1
9.800000,7.545875,24.146800,0.003073,-0.000740619,charge,1
9.810000,7.547162,24.150920,0.003073,-0.000740748,charge,1
9.820000,7.548450,24.155040,0.003073,-0.000740877,charge,1
9.830000,7.548450,24.155040,0.003073,-0.000740877,charge,1
9.840000,7.548450,24.155040,0.003073,-0.000740877,charge,1
9.850000,7.548450,24.155040,0.003073,-0.000740877,charge,1
9.860000,7.548450,24.155040,0.003073,-0.000740877,charge,1
9.870000,7.549738,24.159161,0.003073,-0.000741006,charge,1
9.880000,7.548450,24.155040,0.003073,-0.000740877,charge,1
9.890000,7.549738,24.159161,0.003073,-0.000741006,charge,1
9.900000,7.549738,24.159161,0.003073,-0.000741006,charge,1
9.910000,7.551025,24.163281,0.003073,-0.000741134,charge,1
9.920000,7.549738,24.159161,0.003073,-0.000741006,charge,1
9.930000,7.551025,24.163281,0.003073,-0.000741134,charge,1
9.940000,7.551025,24.163281,0.003073,-0.000741134,charge,1
9.950000,7.551025,24.163281,0.003073,-0.000741134,charge,1
9.960000,7.551025,24.163281,0.003073,-0.000741134,charge,1
9.970000,7.552313,24.167401,0.003073,-0.000741263,charge,1
9.980000,7.552313,24.167401,0.003073,-0.000741263,charge,1
9.990000,7.553600,24.171522,0.003073,-0.000741392,charge,1
10.000000,7.552313,24.167401,0.003073,-0.000741263,charge,1
10.010000,7.552313,24.167401,0.003073,-0.000741263,charge,1
10.020000,7.553600,24.171522,0.003073,-0.000741392,charge,1
10.030000,7.553600,24.171522,0.003073,-0.000741392,charge,1
10.040000,7.553600,24.171522,0.003073,-0.000741392,charge,1
10.050000,7.554888,24.175642,0.003073,-0.000741521,charge,1
10.060000,7.554888,24.175642,0.003073,-0.000741521,charge,1
10.070000,7.553600,24.171522,0.003073,-0.000741392,charge,1
10.080000,7.553600,24.171522,0.003073,-0.000741392,charge,1
10.090000,7.553600,24.171522,0.003073,-0.000741392,charge,1
10.100000,7.554888,24.175642,0.003073,-0.000741521,charge,1
10.110000,7.556176,24.179762,0.003073,-0.000741649,charge,1
10.120000,7.554888,24.175642,0.003073,-0.000741521,charge,1
10.130000,7.556176,24.179762,0.003073,-0.000741649,charge,1
10.140000,7.556176,24.179762,0.003073,-0.000741649,charge,1
10.150000,7.554888,24.175642,0.003073,-0.000741521,charge,1
10.160000,7.557463,24.183883,0.003073,-0.000741778,charge,1
10.170000,7.557463,24.183883,0.003073,-0.000741778,charge,1
10.180000,7.557463,24.183883,0.003073,-0.000741778,charge,1
10.190000,7.556176,24.179762,0.003073,-0.000741649,charge,1
10.200000,7.557463,24.183883,0.003073,-0.000741778,charge,1
10.210000,7.557463,24.183883,0.003073,-0.000741778,charge,1
10.220000,7.557463,24.183883,0.003073,-0.000741778,charge,1
10.230000,7.556176,24.179762,0.003073,-0.000741649,charge,1
10.240000,7.557463,24.183883,0.003073,-0.000741778,charge,1
10.250000,7.557463,24.183883,0.003073,-0.000741778,charge,1
10.260000,7.557463,24.183883,0.003073,-0.000741778,charge,1
10.270000,7.558751,24.188003,0.001785,-0.000747760,charge,1
10.280000,7.557463,24.183883,0.003073,-0.000741778,charge,1
10.290000,7.558751,24.188003,0.001785,-0.000747760,charge,1
10.300000,7.557463,24.183883,0.001785,-0.000747631,charge,1
10.310000,7.558751,24.188003,0.003073,-0.000741907,charge,1
10.320000,7.558751,24.188003,0.001785,-0.000747760,charge,1
10.330000,7.558751,24.188003,0.003073,-0.000741907,charge,1
10.340000,7.560039,24.192123,0.003073,-0.000742036,charge,1
10.350000,7.560039,24.192123,0.001785,-0.000747889,charge,1
10.360000,7.560039,24.192123,0.003073,-0.000742036,charge,1
10.370000,7.560039,24.192123,0.003073,-0.000742036,charge,1
10.380000,7.560039,24.192123,0.003073,-0.000742036,charge,1
10.390000,7.560039,24.192123,0.003073,-0.000742036,charge,1
10.400000,7.560039,24.192123,0.003073,-0.000742036,charge,1
10.410000,7.560039,24.192123,0.001785,-0.000747889,charge,1
10.420000,7.561326,24.196244,0.003073,-0.000742165,charge,1
10.430000,7.561326,24.196244,0.003073,-0.000742165,charge,1
10.440000,7.560039,24.192123,0.001785,-0.000747889,charge,1
10.450000,7.560039,24.192123,0.003073,-0.000742036,charge,1
10.460000,7.561326,24.196244,0.001785,-0.000748017,charge,1
10.470000,7.560039,24.192123,0.003073,-0.000742036,charge,1
10.480000,7.561326,24.196244,0.003073,-0.000742165,charge,1
10.490000,7.561326,24.196244,0.003073,-0.000742165,charge,1
10.500000,7.561326,24.196244,0.003073,-0.000742165,charge,1
10.510000,7.562614,24.200364,0.003073,-0.000742293,charge,1
10.520000,7.561326,24.196244,0.003073,-0.000742165,charge,1
10.530000,7.561326,24.196244,0.001785,-0.000748017,charge,1
10.540000,7.562614,24.200364,0.003073,-0.000742293,charge,1
10.550000,7.562614,24.200364,0.003073,-0.000742293,charge,1
10.560000,7.561326,24.196244,0.003073,-0.000742165,charge,1
10.570000,7.562614,24.200364,0.001785,-0.000748146,charge,1
10.580000,7.563901,24.204484,0.003073,-0.000742422,charge,1
10.590000,7.562614,24.200364,0.003073,-0.000742293,charge,1
10.600000,7.562614,24.200364,0.003073,-0.000742293,charge,1
10.610000,7.562614,24.200364,0.003073,-0.000742293,charge,1
10.620000,7.562614,24.200364,0.003073,-0.000742293,charge,1
10.630000,7.563901,24.204484,0.001785,-0.000748275,charge,1
10.640000,7.562614,24.200364,0.003073,-0.000742293,charge,1
10.650000,7.563901,24.204484,0.003073,-0.000742422,charge,1
10.660000,7.563901,24.204484,0.003073,-0.000742422,charge,1
10.670000,7.562614,24.200364,0.003073,-0.000742293,charge,1
10.680000,7.563901,24.204484,0.003073,-0.000742422,charge,1
10.690000,7.563901,24.204484,0.003073,-0.000742422,charge,1
10.700000,7.563901,24.204484,0.003073,-0.000742422,charge,1
10.710000,7.563901,24.204484,0.003073,-0.000742422,charge,1
10.720000,7.563901,24.204484,0.003073,-0.000742422,charge,1
10.730000,7.563901,24.204484,0.003073,-0.000742422,charge,1
10.740000,7.563901,24.204484,0.003073,-0.000742422,charge,1
10.750000,7.563901,24.204484,0.003073,-0.000742422,charge,1
10.760000,7.565189,24.208605,0.001785,-0.000748404,charge,1
10.770000,7.565189,24.208605,0.003073,-0.000742551,charge,1
10.780000,7.565189,24.208605,0.003073,-0.000742551,charge,1
10.790000,7.565189,24.208605,0.001785,-0.000748404,charge,1
10.800000,7.563901,24.204484,0.003073,-0.000742422,charge,1
10.810000,7.565189,24.208605,0.003073,-0.000742551,charge,1
10.820000,7.565189,24.208605,0.001785,-0.000748404,charge,1
10.830000,7.566477,24.212725,0.003073,-0.000742680,charge,1
10.840000,7.565189,24.208605,0.001785,-0.000748404,charge,1
10.850000,7.566477,24.212725,0.003073,-0.000742680,charge,1
10.860000,7.566477,24.212725,0.003073,-0.000742680,charge,1
10.870000,7.565189,24.208605,0.003073,-0.000742551,charge,1
10.880000,7.566477,24.212725,0.001785,-0.000748532,charge,1
10.890000,7.565189,24.208605,0.003073,-0.000742551,charge,1
10.900000,7.566477,24.212725,0.003073,-0.000742680,charge,1
10.910000,7.565189,24.208605,0.003073,-0.000742551,charge,1
10.920000,7.566477,24.212725,0.003073,-0.000742680,charge,1
10.930000,7.566477,24.212725,0.003073,-0.000742680,charge,1
10.940000,7.565189,24.208605,0.003073,-0.000742551,charge,1
10.950000,7.567764,24.216845,0.001785,-0.000748661,charge,1
10.960000,7.567764,24.216845,0.003073,-0.000742808,charge,1
10.970000,7.566477,24.212725,0.003073,-0.000742680,charge,1
10.980000,7.566477,24.212725,0.001785,-0.000748532,charge,1
10.990000,7.566477,24.212725,0.003073,-0.000742680,charge,1
11.000000,7.566477,24.212725,0.003073,-0.000742680,charge,1
11.010000,7.567764,24.216845,0.003073,-0.000742808,charge,1
11.020000,7.567764,24.216845,0.003073,-0.000742808,charge,1
11.030000,7.567764,24.216845,0.001785,-0.000748661,charge,1
11.040000,7.567764,24.216845,0.003073,-0.000742808,charge,1
11.050000,7.567764,24.216845,0.003073,-0.000742808,charge,1
11.060000,7.567764,24.216845,0.001785,-0.000748661,charge,1
11.070000,7.567764,24.216845,0.003073,-0.000742808,charge,1
11.080000,7.567764,24.216845,0.003073,-0.000742808,charge,1
11.090000,7.567764,24.216845,0.003073,-0.000742808,charge,1
11.100000,7.567764,24.216845,0.001785,-0.000748661,charge,1
11.110000,7.567764,24.216845,0.001785,-0.000748661,charge,1
11.120000,7.567764,24.216845,0.001785,-0.000748661,charge,1
11.130000,7.567764,24.216845,0.003073,-0.000742808,charge,1
11.140000,7.569052,24.220966,0.003073,-0.000742937,charge,1
11.150000,7.569052,24.220966,0.003073,-0.000742937,charge,1
11.160000,7.569052,24.220966,0.003073,-0.000742937,charge,1
11.170000,7.569052,24.220966,0.003073,-0.000742937,charge,1
11.180000,7.567764,24.216845,0.003073,-0.000742808,charge,1
11.190000,7.569052,24.220966,0.003073,-0.000742937,charge,1
11.200000,7.569052,24.220966,0.003073,-0.000742937,charge,1
11.210000,7.569052,24.220966,0.003073,-0.000742937,charge,1
11.220000,7.570339,24.225086,0.003073,-0.000743066,charge,1
11.230000,7.570339,24.225086,0.001785,-0.000748919,charge,1
11.240000,7.569052,24.220966,0.003073,-0.000742937,charge,1
11.250000,7.569052,24.220966,0.003073,-0.000742937,charge,1
11.260000,7.569052,24.220966,0.003073,-0.000742937,charge,1
11.270000,7.569052,24.220966,0.003073,-0.000742937,charge,1
11.280000,7.570339,24.225086,0.003073,-0.000743066,charge,1
11.290000,7.569052,24.220966,0.003073,-0.000742937,charge,1
11.300000,7.570339,24.225086,0.001785,-0.000748919,charge,1
11.310000,7.569052,24.220966,0.003073,-0.000742937,charge,1
11.320000,7.570339,24.225086,0.001785,-0.000748919,charge,1
11.330000,7.570339,24.225086,0.003073,-0.000743066,charge,1
11.340000,7.569052,24.220966,0.003073,-0.000742937,charge,1
11.350000,7.570339,24.225086,0.001785,-0.000748919,charge,1
11.360000,7.569052,24.220966,0.003073,-0.000742937,charge,1
11.370000,7.570339,24.225086,0.001785,-0.000748919,charge,1
11.380000,7.570339,24.225086,0.003073,-0.000743066,charge,1
11.390000,7.570339,24.225086,0.003073,-0.000743066,charge,1
11.400000,7.570339,24.225086,0.003073,-0.000743066,charge,1
11.410000,7.570339,24.225086,0.001785,-0.000748919,charge,1
11.420000,7.570339,24.225086,0.001785,-0.000748919,charge,1
11.430000,7.570339,24.225086,0.003073,-0.000743066,charge,1
11.440000,7.570339,24.225086,0.001785,-0.000748919,charge,1
11.450000,7.570339,24.225086,0.001785,-0.000748919,charge,1
11.460000,7.571627,24.229206,0.003073,-0.000743195,charge,1
11.470000,7.570339,24.225086,0.003073,-0.000743066,charge,1
11.480000,7.571627,24.229206,0.003073,-0.000743195,charge,1
11.490000,7.571627,24.229206,0.003073,-0.000743195,charge,1
11.500000,7.571627,24.229206,0.003073,-0.000743195,charge,1
11.510000,7.569052,24.220966,0.003073,-0.000742937,charge,1
11.520000,7.571627,24.229206,0.003073,-0.000743195,charge,1
11.530000,7.571627,24.229206,0.003073,-0.000743195,charge,1
11.540000,7.571627,24.229206,0.004361,-0.000737342,charge,1
11.550000,7.571627,24.229206,0.003073,-0.000743195,charge,1
11.560000,7.571627,24.229206,0.003073,-0.000743195,charge,1
11.570000,7.571627,24.229206,0.003073,-0.000743195,charge,1
11.580000,7.571627,24.229206,0.003073,-0.000743195,charge,1
11.590000,7.571627,24.229206,0.003073,-0.000743195,charge,1
11.600000,7.572915,24.233327,0.001785,-0.000749176,charge,1
11.610000,7.571627,24.229206,0.003073,-0.000743195,charge,1
11.620000,7.570339,24.225086,0.001785,-0.000748919,charge,1
11.630000,7.571627,24.229206,0.003073,-0.000743195,charge,1
11.640000,7.571627,24.229206,0.003073,-0.000743195,charge,1
11.650000,7.571627,24.229206,0.003073,-0.000743195,charge,1
11.660000,7.571627,24.229206,0.003073,-0.000743195,charge,1
11.670000,7.571627,24.229206,0.001785,-0.000749047,charge,1
11.680000,7.572915,24.233327,0.001785,-0.000749176,charge,1
11.690000,7.572915,24.233327,0.001785,-0.000749176,charge,1
11.700000,7.572915,24.233327,0.003073,-0.000743323,charge,1
11.710000,7.572915,24.233327,0.001785,-0.000749176,charge,1
11.720000,7.572915,24.233327,0.003073,-0.000743323,charge,1
11.730000,7.571627,24.229206,0.003073,-0.000743195,charge,1
11.740000,7.571627,24.229206,0.003073,-0.000743195,charge,1
11.750000,7.571627,24.229206,0.001785,-0.000749047,charge,1
11.760000,7.571627,24.229206,0.001785,-0.000749047,charge,1
11.770000,7.571627,24.229206,0.001785,-0.000749047,charge,1
11.780000,7.571627,24.229206,0.001785,-0.000749047,charge,1
11.790000,7.572915,24.233327,0.003073,-0.000743323,charge,1
11.800000,7.572915,24.233327,0.003073,-0.000743323,charge,1
11.810000,7.572915,24.233327,0.003073,-0.000743323,charge,1
11.820000,7.572915,24.233327,0.003073,-0.000743323,charge,1
11.830000,7.574202,24.237447,0.001785,-0.000749305,charge,1
11.840000,7.570339,24.225086,0.001785,-0.000748919,charge,1
11.850000,7.572915,24.233327,0.003073,-0.000743323,charge,1
11.860000,7.572915,24.233327,0.001785,-0.000749176,charge,1
11.870000,7.572915,24.233327,0.003073,-0.000743323,charge,1
11.880000,7.572915,24.233327,0.001785,-0.000749176,charge,1
11.890000,7.572915,24.233327,0.001785,-0.000749176,charge,1
11.900000,7.572915,24.233327,0.003073,-0.000743323,charge,1
11.910000,7.574202,24.237447,0.001785,-0.000749305,charge,1
11.920000,7.572915,24.233327,0.003073,-0.000743323,charge,1
11.930000,7.572915,24.233327,0.003073,-0.000743323,charge,1
11.940000,7.574202,24.237447,0.001785,-0.000749305,charge,1
11.950000,7.572915,24.233327,0.003073,-0.000743323,charge,1
11.960000,7.574202,24.237447,0.003073,-0.000743452,charge,1
11.970000,7.572915,24.233327,0.003073,-0.000743323,charge,1
11.980000,7.574202,24.237447,0.003073,-0.000743452,charge,1
11.990000,7.572915,24.233327,0.003073,-0.000743323,charge,1
12.000000,7.574202,24.237447,0.003073,-0.000743452,charge,1
12.010000,7.574202,24.237447,0.003073,-0.000743452,charge,1
12.020000,7.574202,24.237447,0.003073,-0.000743452,charge,1
12.030000,7.572915,24.233327,0.003073,-0.000743323,charge,1
12.040000,7.572915,24.233327,0.001785,-0.000749176,charge,1
12.050000,7.574202,24.237447,0.001785,-0.000749305,charge,1
12.060000,7.574202,24.237447,0.003073,-0.000743452,charge,1
12.070000,7.572915,24.233327,0.003073,-0.000743323,charge,1
12.080000,7.574202,24.237447,0.003073,-0.000743452,charge,1
12.090000,7.574202,24.237447,0.001785,-0.000749305,charge,1
12.100000,7.574202,24.237447,0.003073,-0.000743452,charge,1
12.110000,7.574202,24.237447,0.003073,-0.000743452,charge,1
12.120000,7.574202,24.237447,0.003073,-0.000743452,charge,1
12.130000,7.575490,24.241567,0.003073,-0.000743581,charge,1
12.140000,7.574202,24.237447,0.001785,-0.000749305,charge,1
12.150000,7.574202,24.237447,0.003073,-0.000743452,charge,1
12.160000,7.575490,24.241567,0.003073,-0.000743581,charge,1
12.170000,7.574202,24.237447,0.003073,-0.000743452,charge,1
12.180000,7.575490,24.241567,0.003073,-0.000743581,charge,1
12.190000,7.574202,24.237447,0.001785,-0.000749305,charge,1
12.200000,7.575490,24.241567,0.001785,-0.000749434,charge,1
12.210000,7.572915,24.233327,0.003073,-0.000743323,charge,1
12.220000,7.574202,24.237447,0.003073,-0.000743452,charge,1
12.230000,7.574202,24.237447,0.001785,-0.000749305,charge,1
12.240000,7.575490,24.241567,0.003073,-0.000743581,charge,1
12.250000,7.575490,24.241567,0.001785,-0.000749434,charge,1
12.260000,7.574202,24.237447,0.001785,-0.000749305,charge,1
12.270000,7.575490,24.241567,0.003073,-0.000743581,charge,1
12.280000,7.575490,24.241567,0.003073,-0.000743581,charge,1
12.290000,7.574202,24.237447,0.003073,-0.000743452,charge,1
12.300000,7.575490,24.241567,0.003073,-0.000743581,charge,1
12.310000,7.575490,24.241567,0.003073,-0.000743581,charge,1
12.320000,7.575490,24.241567,0.003073,-0.000743581,charge,1
12.330000,7.575490,24.241567,0.003073,-0.000743581,charge,1
12.340000,7.575490,24.241567,0.003073,-0.000743581,charge,1
12.350000,7.575490,24.241567,0.001785,-0.000749434,charge,1
12.360000,7.575490,24.241567,0.003073,-0.000743581,charge,1
12.370000,7.575490,24.241567,0.003073,-0.000743581,charge,1
12.380000,7.575490,24.241567,0.001785,-0.000749434,charge,1
12.390000,7.575490,24.241567,0.003073,-0.000743581,charge,1
12.400000,7.575490,24.241567,0.003073,-0.000743581,charge,1
12.410000,7.575490,24.241567,0.003073,-0.000743581,charge,1
12.420000,7.575490,24.241567,0.003073,-0.000743581,charge,1
12.430000,7.575490,24.241567,0.003073,-0.000743581,charge,1
12.440000,7.575490,24.241567,0.003073,-0.000743581,charge,1
12.450000,7.574202,24.237447,0.003073,-0.000743452,charge,1
12.460000,7.576777,24.245688,0.003073,-0.000743710,charge,1
12.470000,7.575490,24.241567,0.003073,-0.000743581,charge,1
12.480000,7.574202,24.237447,0.003073,-0.000743452,charge,1
12.490000,7.574202,24.237447,0.003073,-0.000743452,charge,1
12.500000,7.575490,24.241567,0.003073,-0.000743581,charge,1
12.510000,7.576777,24.245688,0.001785,-0.000749562,charge,1
12.520000,7.575490,24.241567,0.003073,-0.000743581,charge,1
12.530000,7.575490,24.241567,0.001785,-0.000749434,charge,1
12.540000,7.576777,24.245688,0.001785,-0.000749562,charge,1
12.550000,7.575490,24.241567,0.001785,-0.000749434,charge,1
12.560000,7.576777,24.245688,0.001785,-0.000749562,charge,1
12.570000,7.576777,24.245688,0.003073,-0.000743710,charge,1
12.580000,7.576777,24.245688,0.001785,-0.000749562,charge,1
12.590000,7.576777,24.245688,0.003073,-0.000743710,charge,1
12.600000,7.576777,24.245688,0.003073,-0.000743710,charge,1
12.610000,7.575490,24.241567,0.003073,-0.000743581,charge,1
12.620000,7.575490,24.241567,0.003073,-0.000743581,charge,1
12.630000,7.575490,24.241567,0.001785,-0.000749434,charge,1
12.640000,7.575490,24.241567,0.003073,-0.000743581,charge,1
12.650000,7.576777,24.245688,0.003073,-0.000743710,charge,1
12.660000,7.575490,24.241567,0.003073,-0.000743581,charge,1
12.670000,7.576777,24.245688,0.001785,-0.000749562,charge,1
12.680000,7.576777,24.245688,0.003073,-0.000743710,charge,1
12.690000,7.576777,24.245688,0.003073,-0.000743710,charge,1
12.700000,7.576777,24.245688,0.003073,-0.000743710,charge,1
12.710000,7.575490,24.241567,0.001785,-0.000749434,charge,1
12.720000,7.576777,24.245688,0.001785,-0.000749562,charge,1
12.730000,7.576777,24.245688,0.001785,-0.000749562,charge,1
12.740000,7.575490,24.241567,0.001785,-0.000749434,charge,1
12.750000,7.576777,24.245688,0.001785,-0.000749562,charge,1
12.760000,7.576777,24.245688,0.003073,-0.000743710,charge,1
12.770000,7.576777,24.245688,0.003073,-0.000743710,charge,1
12.780000,7.576777,24.245688,0.001785,-0.000749562,charge,1
12.790000,7.576777,24.245688,0.003073,-0.000743710,charge,1
12.800000,7.576777,24.245688,0.003073,-0.000743710,charge,1
12.810000,7.576777,24.245688,0.003073,-0.000743710,charge,1
12.820000,7.576777,24.245688,0.003073,-0.000743710,charge,1
12.830000,7.576777,24.245688,0.003073,-0.000743710,charge,1
12.840000,7.576777,24.245688,0.003073,-0.000743710,charge,1
12.850000,7.576777,24.245688,0.003073,-0.000743710,charge,1
12.860000,7.578065,24.249808,0.001785,-0.000749691,charge,1
12.870000,7.576777,24.245688,0.003073,-0.000743710,charge,1
12.880000,7.576777,24.245688,0.001785,-0.000749562,charge,1
12.890000,7.578065,24.249808,0.003073,-0.000743838,charge,1
12.900000,7.578065,24.249808,0.003073,-0.000743838,charge,1
12.910000,7.576777,24.245688,0.001785,-0.000749562,charge,1
12.920000,7.578065,24.249808,0.003073,-0.000743838,charge,1
12.930000,7.576777,24.245688,0.003073,-0.000743710,charge,1
12.940000,7.576777,24.245688,0.003073,-0.000743710,charge,1
12.950000,7.576777,24.245688,0.003073,-0.000743710,charge,1
12.960000,7.576777,24.245688,0.003073,-0.000743710,charge,1
12.970000,7.576777,24.245688,0.003073,-0.000743710,charge,1
12.980000,7.578065,24.249808,0.001785,-0.000749691,charge,1
12.990000,7.576777,24.245688,0.003073,-0.000743710,charge,1
13.000000,7.578065,24.249808,0.003073,-0.000743838,discharge,1
13.010000,7.576777,24.245688,0.003073,-0.000743710,discharge,1
13.020000,7.578065,24.249808,0.003073,-0.000743838,discharge,1
13.030000,7.578065,24.249808,0.003073,-0.000743838,discharge,1
13.040000,7.578065,24.249808,0.003073,-0.000743838,discharge,1
13.050000,7.578065,24.249808,0.003073,-0.000743838,discharge,1
13.060000,7.578065,24.249808,0.003073,-0.000743838,discharge,1
13.070000,7.578065,24.249808,0.003073,-0.000743838,discharge,1
13.080000,7.578065,24.249808,0.003073,-0.000743838,discharge,1
13.090000,7.578065,24.249808,0.001785,-0.000749691,discharge,1
13.100000,7.578065,24.249808,0.003073,-0.000743838,discharge,1
13.110000,7.578065,24.249808,0.003073,-0.000743838,discharge,1
13.120000,7.578065,24.249808,0.001785,-0.000749691,discharge,1
13.130000,7.578065,24.249808,0.003073,-0.000743838,discharge,1
13.140000,7.578065,24.249808,0.001785,-0.000749691,discharge,1
13.150000,7.578065,24.249808,0.003073,-0.000743838,discharge,1
13.160000,7.576777,24.245688,0.003073,-0.000743710,discharge,1
13.170000,7.578065,24.249808,0.001785,-0.000749691,discharge,1
13.180000,7.578065,24.249808,0.003073,-0.000743838,discharge,1
13.190000,7.578065,24.249808,0.003073,-0.000743838,discharge,1
13.200000,7.578065,24.249808,0.001785,-0.000749691,discharge,1
13.210000,7.578065,24.249808,0.003073,-0.000743838,discharge,1
13.220000,7.578065,24.249808,0.001785,-0.000749691,discharge,1
13.230000,7.578065,24.249808,0.003073,-0.000743838,discharge,1
13.240000,7.578065,24.249808,0.003073,-0.000743838,discharge,1
13.250000,7.578065,24.249808,0.001785,-0.000749691,discharge,1
13.260000,7.578065,24.249808,0.003073,-0.000743838,discharge,1
13.270000,7.579353,24.253928,0.001785,-0.000749820,discharge,1
13.280000,7.578065,24.249808,0.001785,-0.000749691,discharge,1
13.290000,7.579353,24.253928,0.001785,-0.000749820,discharge,1
13.300000,7.578065,24.249808,0.003073,-0.000743838,discharge,1
13.310000,7.578065,24.249808,0.003073,-0.000743838,discharge,1
13.320000,7.578065,24.249808,0.003073,-0.000743838,discharge,1
13.330000,7.579353,24.253928,0.003073,-0.000743967,discharge,1
13.340000,7.578065,24.249808,0.003073,-0.000743838,discharge,1
13.350000,7.579353,24.253928,0.003073,-0.000743967,discharge,1
13.360000,7.578065,24.249808,0.003073,-0.000743838,discharge,1
13.370000,7.578065,24.249808,0.003073,-0.000743838,discharge,1
13.380000,7.578065,24.249808,0.003073,-0.000743838,discharge,1
13.390000,7.578065,24.249808,0.003073,-0.000743838,discharge,1
13.400000,7.579353,24.253928,0.001785,-0.000749820,discharge,1
13.410000,7.578065,24.249808,0.003073,-0.000743838,discharge,1
13.420000,7.578065,24.249808,0.003073,-0.000743838,discharge,1
13.430000,7.578065,24.249808,0.001785,-0.000749691,discharge,1
13.440000,7.579353,24.253928,0.003073,-0.000743967,discharge,1
13.450000,7.579353,24.253928,0.003073,-0.000743967,discharge,1
13.460000,7.578065,24.249808,0.001785,-0.000749691,discharge,1
13.470000,7.578065,24.249808,0.003073,-0.000743838,discharge,1
13.480000,7.578065,24.249808,0.001785,-0.000749691,discharge,1
13.490000,7.579353,24.253928,0.001785,-0.000749820,discharge,1
13.500000,7.579353,24.253928,0.003073,-0.000743967,discharge,1
13.510000,7.579353,24.253928,0.001785,-0.000749820,discharge,1
13.520000,7.579353,24.253928,0.003073,-0.000743967,discharge,1
13.530000,7.579353,24.253928,0.001785,-0.000749820,discharge,1
13.540000,7.579353,24.253928,0.003073,-0.000743967,discharge,1
13.550000,7.578065,24.249808,0.003073,-0.000743838,discharge,1
13.560000,7.579353,24.253928,0.003073,-0.000743967,discharge,1
13.570000,7.579353,24.253928,0.003073,-0.000743967,discharge,1
13.580000,7.579353,24.253928,0.001785,-0.000749820,discharge,1
13.590000,7.579353,24.253928,0.003073,-0.000743967,discharge,1
13.600000,7.579353,24.253928,0.001785,-0.000749820,discharge,1
13.610000,7.579353,24.253928,0.001785,-0.000749820,discharge,1
13.620000,7.579353,24.253928,0.003073,-0.000743967,discharge,1
13.630000,7.579353,24.253928,0.003073,-0.000743967,discharge,1
13.640000,7.579353,24.253928,0.001785,-0.000749820,discharge,1
13.650000,7.579353,24.253928,0.003073,-0.000743967,discharge,1
13.660000,7.579353,24.253928,0.001785,-0.000749820,discharge,1
13.670000,7.579353,24.253928,0.003073,-0.000743967,discharge,1
13.680000,7.579353,24.253928,0.003073,-0.000743967,discharge,1
13.690000,7.579353,24.253928,0.003073,-0.000743967,discharge,1
13.700000,7.579353,24.253928,0.003073,-0.000743967,discharge,1
13.710000,7.579353,24.253928,0.003073,-0.000743967,discharge,1
13.720000,7.579353,24.253928,0.003073,-0.000743967,discharge,1
13.730000,7.579353,24.253928,0.001785,-0.000749820,discharge,1
13.740000,7.579353,24.253928,0.003073,-0.000743967,discharge,1
13.750000,7.579353,24.253928,0.001785,-0.000749820,discharge,1
13.760000,7.579353,24.253928,0.001785,-0.000749820,discharge,1
13.770000,7.580640,24.258049,0.003073,-0.000744096,discharge,1
13.780000,7.579353,24.253928,0.003073,-0.000743967,discharge,1
13.790000,7.579353,24.253928,0.003073,-0.000743967,discharge,1
13.800000,7.579353,24.253928,-0.000790,-0.000761525,discharge,1
13.810000,7.557463,24.183883,-0.005940,-0.000782748,discharge,1
13.820000,7.511109,24.035550,-0.011091,-0.000801523,discharge,1
13.830000,7.446729,23.829533,-0.013666,-0.000806791,discharge,1
13.840000,7.375911,23.602914,-0.016241,-0.000811414,discharge,1
13.850000,7.296079,23.347453,-0.017529,-0.000809284,discharge,1
13.860000,7.212385,23.079631,-0.018816,-0.000806767,discharge,1
13.870000,7.128690,22.811809,-0.018816,-0.000798398,discharge,1
13.880000,7.044996,22.543986,-0.021392,-0.000801734,discharge,1
13.890000,6.960014,22.272044,-0.021392,-0.000793236,discharge,1
13.900000,6.876319,22.004221,-0.021392,-0.000784866,discharge,1
13.910000,6.792625,21.736399,-0.022679,-0.000782350,discharge,1
13.920000,6.711506,21.476818,-0.022679,-0.000774238,discharge,1
13.930000,6.631674,21.221356,-0.023967,-0.000772107,discharge,1
13.940000,6.551842,20.965895,-0.023967,-0.000764124,discharge,1
13.950000,6.473298,20.714554,-0.023967,-0.000756270,discharge,1
13.960000,6.397329,20.471454,-0.025254,-0.000754526,discharge,1
13.970000,6.322648,20.232474,-0.025254,-0.000747057,discharge,1
13.980000,6.249255,19.997615,-0.025254,-0.000739718,discharge,1
13.990000,6.177149,19.766875,-0.025254,-0.000732507,discharge,1
14.000000,6.105043,19.536136,-0.027830,-0.000737002,discharge,1
14.010000,6.035512,19.313638,-0.026542,-0.000724197,discharge,1
14.020000,5.967269,19.095260,-0.027830,-0.000723225,discharge,1
14.030000,5.897738,18.872761,-0.027830,-0.000716272,discharge,1
14.040000,5.832070,18.662624,-0.029117,-0.000715558,discharge,1
14.050000,5.766402,18.452486,-0.029117,-0.000708991,discharge,1
14.060000,5.702022,18.246469,-0.030405,-0.000708406,discharge,1
14.070000,5.638929,18.044572,-0.030405,-0.000702097,discharge,1
14.080000,5.575836,17.842676,-0.031692,-0.000701640,discharge,1
14.090000,5.514031,17.644899,-0.032980,-0.000701312,discharge,1
14.100000,5.453513,17.451243,-0.032980,-0.000695261,discharge,1
14.110000,5.394284,17.261707,-0.034268,-0.000695190,discharge,1
14.120000,5.336341,17.076292,-0.035555,-0.000695249,discharge,1
14.130000,5.278399,16.890876,-0.036843,-0.000695307,discharge,1
14.140000,5.220457,16.705461,-0.036843,-0.000689513,discharge,1
14.150000,5.165089,16.528286,-0.038130,-0.000689829,discharge,1
14.160000,5.109722,16.351112,-0.039418,-0.000690145,discharge,1
14.170000,5.055643,16.178057,-0.040706,-0.000690590,discharge,1
14.180000,5.001563,16.005003,-0.041993,-0.000691035,discharge,1
14.190000,4.948772,15.836069,-0.043281,-0.000691608,discharge,1
14.200000,4.895980,15.667135,-0.044568,-0.000692182,discharge,1
14.210000,4.845763,15.506441,-0.047144,-0.000698866,discharge,1
14.220000,4.795546,15.345748,-0.049719,-0.000705550,discharge,1
14.230000,4.745330,15.185055,-0.052294,-0.000712234,discharge,1
14.240000,4.695113,15.024361,-0.053582,-0.000713065,discharge,1
14.250000,4.648759,14.876029,-0.057445,-0.000725988,discharge,1
14.260000,4.599830,14.719456,-0.060020,-0.000732800,discharge,1
14.270000,4.552189,14.567003,-0.065170,-0.000751447,discharge,1
14.280000,4.507122,14.422791,-0.069033,-0.000764499,discharge,1
14.290000,4.460768,14.274459,-0.074183,-0.000783274,discharge,1
14.300000,4.415702,14.130247,-0.080621,-0.000808031,discharge,1
14.310000,4.370636,13.986035,-0.088347,-0.000838641,discharge,1
14.320000,4.326857,13.845943,-0.098648,-0.000881086,discharge,1
14.330000,4.283079,13.705852,-0.111524,-0.000935235,discharge,1
14.340000,4.241875,13.574001,-0.130838,-0.001018906,discharge,1
14.350000,4.199384,13.438030,-0.160453,-0.001149271,discharge,1
14.360000,4.158181,13.306179,-0.214533,-0.001390966,discharge,1
14.370000,4.116977,13.174328,-0.299515,-0.001773128,discharge,1
14.380000,4.077062,13.046597,-0.397373,-0.002213946,discharge,1
14.390000,4.035858,12.914746,-0.500381,-0.002678047,discharge,1
14.400000,3.997230,12.791136,-0.600815,-0.003130699,discharge,1
14.410000,3.958602,12.667525,-0.699960,-0.003577499,discharge,1
14.420000,3.919974,12.543915,-0.797819,-0.004018445,discharge,1
14.430000,3.881345,12.420305,-0.895677,-0.004459392,discharge,1
14.440000,3.845292,12.304935,-0.992247,-0.004894744,discharge,1
14.450000,3.807952,12.185445,-1.082380,-0.005300703,discharge,1
14.460000,3.770611,12.065955,-1.173800,-0.005712515,discharge,1
14.470000,3.734558,11.950586,-1.263932,-0.006118603,discharge,1
14.480000,3.698505,11.835216,-1.350202,-0.006507132,discharge,1
14.490000,3.663740,11.723967,-1.432609,-0.006878232,discharge,1
14.500000,3.628974,11.612718,-1.511153,-0.007231774,discharge,1
14.510000,3.594209,11.501469,-1.585834,-0.007567758,discharge,1
14.520000,3.560731,11.394340,-1.651502,-0.007862901,discharge,1
14.530000,3.527253,11.287211,-1.701719,-0.008087810,discharge,1
14.540000,3.495063,11.184202,-1.724896,-0.008189941,discharge,1
14.550000,3.461585,11.077073,-1.722320,-0.008174888,discharge,1
14.560000,3.429395,10.974065,-1.708157,-0.008107288,discharge,1
14.570000,3.395917,10.866936,-1.692705,-0.008033707,discharge,1
14.580000,3.363727,10.763927,-1.677254,-0.007960255,discharge,1
14.590000,3.334112,10.669159,-1.661803,-0.007887061,discharge,1
14.600000,3.301922,10.566151,-1.646352,-0.007813609,discharge,1
14.610000,3.272307,10.471383,-1.632188,-0.007746267,discharge,1
14.620000,3.240117,10.368374,-1.618024,-0.007678667,discharge,1
14.630000,3.210502,10.273607,-1.601285,-0.007599620,discharge,1
14.640000,3.180887,10.178839,-1.587122,-0.007532278,discharge,1
14.650000,3.151272,10.084071,-1.572958,-0.007464936,discharge,1
14.660000,3.121657,9.989303,-1.558794,-0.007397594,discharge,1
14.670000,3.093330,9.898655,-1.544631,-0.007330381,discharge,1
14.680000,3.065002,9.808008,-1.530467,-0.007263168,discharge,1
14.690000,3.036675,9.717360,-1.517591,-0.007201808,discharge,1
14.700000,3.008348,9.626713,-1.502140,-0.007128742,discharge,1
14.710000,2.980020,9.536065,-1.489264,-0.007067382,discharge,1
14.720000,2.951693,9.445418,-1.475100,-0.007000169,discharge,1
14.730000,2.925941,9.363011,-1.462224,-0.006939066,discharge,1
14.740000,2.898901,9.276484,-1.448060,-0.006871982,discharge,1
14.750000,2.871861,9.189956,-1.436472,-0.006816603,discharge,1
14.760000,2.844822,9.103429,-1.422308,-0.006749518,discharge,1
14.770000,2.819070,9.021022,-1.410720,-0.006694268,discharge,1
14.780000,2.793317,8.938616,-1.397843,-0.006633166,discharge,1
14.790000,2.767565,8.856209,-1.384967,-0.006572063,discharge,1
14.800000,2.743101,8.777922,-1.372091,-0.006511089,discharge,1
14.810000,2.717349,8.695515,-1.360503,-0.006455839,discharge,1
14.820000,2.692884,8.617229,-1.348914,-0.006400717,discharge,1
14.830000,2.668419,8.538942,-1.336038,-0.006339743,discharge,1
14.840000,2.643955,8.460656,-1.324450,-0.006284622,discharge,1
14.850000,2.619490,8.382369,-1.312861,-0.006229501,discharge,1
14.860000,2.596313,8.308203,-1.301273,-0.006174508,discharge,1
14.870000,2.571849,8.229917,-1.289684,-0.006119387,discharge,1
14.880000,2.548672,8.155751,-1.278096,-0.006064394,discharge,1
14.890000,2.526783,8.085705,-1.266508,-0.006009531,discharge,1
14.900000,2.503606,8.011539,-1.256207,-0.005960391,discharge,1
14.910000,2.481716,7.941493,-1.244618,-0.005905527,discharge,1
14.920000,2.458540,7.867327,-1.233030,-0.005850535,discharge,1
14.930000,2.436650,7.797281,-1.222729,-0.005801524,discharge,1
14.940000,2.414761,7.727235,-1.212428,-0.005752513,discharge,1
14.950000,2.392872,7.657189,-1.200840,-0.005697649,discharge,1
14.960000,2.370982,7.587143,-1.191826,-0.005654491,discharge,1
14.970000,2.350381,7.521218,-1.180238,-0.005599756,discharge,1
14.980000,2.329779,7.455292,-1.171225,-0.005556726,discharge,1
